run,tag,time,level,screen,visibility,textures,buffers,targets,depth,renderer,scheduled,raf,effectsRAF,pending,timers,images,decoded,flybys,flybyAudio
"matrix/A","diagnostics-installed",8,"","","visible",0,0,0,0,"","",0,"",0,0,"","","",""
"matrix/A","pageshow:event",16.1,"","","visible",0,0,0,0,"","",0,"",0,1,"","","",""
"matrix/A","pageshow:settled",19.6,"","","visible",0,0,0,0,"","",0,"",0,1,"","","",""
"matrix/A","AtlasChallengeFx.dispose:after",5992.3,"","menu","visible",0,0,0,0,"idle",false,1,false,0,0,0,0,0,0
"matrix/A","AtlasChallengeFx.suspend:after",5997.9,"","menu","visible",0,0,0,0,"idle",false,1,false,0,0,0,0,0,0
"matrix/A","cinematic.releaseLevel:after",5998.6,"","menu","visible",0,0,0,0,"idle",false,1,false,2,0,0,0,0,0
"matrix/A","cinematic.releaseLevel:after",5999,"","menu","visible",0,0,0,0,"idle",false,1,false,2,0,0,0,0,0
"matrix/A","before-leave",6305.4,"","menu","visible",0,0,0,0,"inactive",false,0,false,0,0,0,0,0,0
"matrix/A","AtlasChallengeFx.dispose:after",6306.5,"","loading","visible",0,0,0,0,"inactive",false,0,false,0,0,0,0,0,0
"matrix/A","AtlasChallengeFx.suspend:after",6307.1,"","loading","visible",0,0,0,0,"inactive",false,0,false,0,0,0,0,0,0
"matrix/A","AtlasChallengeFx.dispose:after",6308.2,"","loading","visible",0,0,0,0,"inactive",false,0,false,0,1,0,0,0,0
"matrix/A","AtlasChallengeFx.suspend:after",6308.4,"","loading","visible",0,0,0,0,"inactive",false,0,false,0,1,0,0,0,0
"matrix/A","AtlasSceneEffects.dispose:after",6308.4,"","loading","visible",0,0,0,0,"inactive",false,0,false,0,1,0,0,0,0
"matrix/A","AtlasAmbientSystem.prepareLevel:resolved",6667,"","loading","visible",0,0,0,0,"inactive",false,0,false,0,2,6,124,0,0
"matrix/A","AtlasAssetReadiness.activate:after",6667.3,"","loading","visible",0,0,0,0,"inactive",false,0,false,0,2,6,124,0,0
"matrix/A","AtlasChallengeFx.suspend:after",6667.5,"","loading","visible",0,0,0,0,"inactive",false,0,false,0,2,6,124,0,0
"matrix/A","AtlasChallengeFx.suspend:after",6668.1,"","loading","visible",0,0,0,0,"inactive",false,0,false,0,2,6,124,0,0
"matrix/A","AtlasSceneEffects.prepareLevel:after",6668.2,"","loading","visible",0,0,0,0,"inactive",false,0,false,0,2,6,124,0,0
"matrix/A","cinematic.releaseLevel:after",6687.2,"LVL-0032","scene","visible",0,0,0,0,"inactive",false,1,true,2,3,6,124,0,0
"matrix/A","after-select-before-feature-selection",6689.4,"LVL-0032","scene","visible",0,0,0,0,"requesting-device",false,1,true,1,4,6,124,0,0
"matrix/A","cinematic.releaseLevel:after",6696.6,"LVL-0032","scene","visible",0,0,0,0,"requesting-device",false,1,true,3,4,6,124,0,0
"matrix/A","after-select-initialization",6697.5,"LVL-0032","scene","visible",0,0,0,0,"requesting-device",false,1,true,4,4,6,124,0,0
"matrix/A","cinematic.releaseLevel:after",7312.9,"LVL-0032","scene","visible",1,3,0,0,"compiling-pipelines",false,2,true,1,3,6,124,0,0
"matrix/A","after-steady-initialization",8621.9,"LVL-0032","scene","visible",5,6,1,1,"ready",true,2,true,0,2,6,124,0,0
"matrix/A","A-0-LVL-0032:stationary:before",8627.7,"LVL-0032","scene","visible",5,6,1,1,"ready",true,2,true,0,2,6,124,0,0
"matrix/A","A-0-LVL-0032:stationary:after",12630.5,"LVL-0032","scene","visible",15,6,1,1,"ready",true,2,true,0,2,6,124,0,0
"matrix/A","A-0-LVL-0032:walking:before",13365,"LVL-0032","scene","visible",40,6,1,1,"ready",true,4,true,0,1,6,124,0,0
"matrix/A","A-0-LVL-0032:walking:after",17372.8,"LVL-0032","scene","visible",47,6,1,1,"ready",true,5,true,0,0,6,124,1,0
"matrix/A","before-leave",17454.6,"LVL-0032","scene","visible",47,6,1,1,"ready",true,5,true,0,0,6,124,1,0
"matrix/A","cinematic.releaseLevel:after",18157.6,"LVL-0001","scene","visible",2,3,0,1,"ready",false,2,true,2,3,163,267,0,0
"matrix/A","after-select-before-feature-selection",18294.4,"LVL-0001","scene","visible",1,0,0,1,"compiling-pipelines",false,2,true,1,3,163,267,0,0
"matrix/A","cinematic.releaseLevel:after",18309.6,"LVL-0001","scene","visible",1,0,0,1,"compiling-pipelines",false,2,true,3,3,163,267,0,0
"matrix/A","after-select-initialization",18310.8,"LVL-0001","scene","visible",1,0,0,1,"requesting-device",false,2,true,4,3,163,267,0,0
"matrix/A","cinematic.releaseLevel:after",18576.7,"LVL-0001","scene","visible",2,3,0,1,"compiling-pipelines",false,3,true,1,3,163,267,0,0
"matrix/A","after-steady-initialization",19959.9,"LVL-0001","scene","visible",11,12,2,2,"ready",true,3,true,0,2,163,267,0,0
"matrix/A","A-1-LVL-0001:stationary:before",19966.4,"LVL-0001","scene","visible",11,12,2,2,"ready",true,3,true,0,2,163,267,0,0
"matrix/A","A-1-LVL-0001:stationary:after",23969.6,"LVL-0001","scene","visible",24,12,2,2,"ready",true,4,true,0,1,163,267,0,0
"matrix/A","A-1-LVL-0001:walking:before",24723.8,"LVL-0001","scene","visible",49,12,2,2,"ready",true,5,true,0,1,163,267,0,0
"matrix/A","A-1-LVL-0001:walking:after",28725,"LVL-0001","scene","visible",65,13,2,2,"ready",true,5,true,0,1,163,267,0,0
"matrix/A","before-final-menu",28811.8,"LVL-0001","scene","visible",65,13,2,2,"ready",true,5,true,0,1,163,267,0,0
"matrix/A","AtlasAmbientSystem.releaseLevel:after",28812.3,"LVL-0001","scene","visible",65,13,2,2,"ready",true,4,true,0,1,163,267,0,0
"matrix/A","AtlasChallengeFx.dispose:after",28812.5,"LVL-0001","scene","visible",65,13,2,2,"ready",true,4,true,0,1,163,267,0,0
"matrix/A","AtlasChallengeFx.suspend:after",28812.7,"LVL-0001","scene","visible",65,13,2,2,"ready",true,4,true,0,1,163,267,0,0
"matrix/A","AtlasSceneEffects.dispose:after",28813,"LVL-0001","scene","visible",65,13,2,2,"ready",true,3,false,0,1,163,267,0,0
"matrix/A","AtlasVoxelRenderer.dispose:after",28813.2,"LVL-0001","scene","visible",65,13,2,2,"ready",true,3,false,0,1,163,267,0,0
"matrix/A","cinematic.releaseLevel:after",28813.5,"LVL-0001","scene","visible",3,3,0,2,"ready",false,2,false,0,1,163,267,0,0
"matrix/A","AtlasCinematicRenderer.dispose:after",28813.7,"LVL-0001","scene","visible",0,0,0,0,"idle",false,2,false,0,1,163,267,0,0
"matrix/A","AtlasThreeRenderer.dispose:after",28814.3,"LVL-0001","scene","visible",0,0,0,0,"idle",false,2,false,0,1,163,267,0,0
"matrix/A","AtlasEmissiveGlow.dispose:after",28814.5,"LVL-0001","scene","visible",0,0,0,0,"idle",false,2,false,0,1,163,267,0,0
"matrix/A","AtlasAssetReadiness.releaseActive:after",28814.7,"LVL-0001","scene","visible",0,0,0,0,"idle",false,2,false,0,0,0,267,0,0
"matrix/A","AtlasChallengeFx.dispose:after",28815.1,"","menu","visible",0,0,0,0,"idle",false,2,false,0,0,0,267,0,0
"matrix/A","AtlasChallengeFx.suspend:after",28817.2,"","menu","visible",0,0,0,0,"idle",false,1,false,0,0,0,267,0,0
"matrix/A","cinematic.releaseLevel:after",28817.5,"","menu","visible",0,0,0,0,"idle",false,1,false,2,0,0,267,0,0
"matrix/A","final-menu",28818,"","menu","visible",0,0,0,0,"inactive",false,1,false,3,0,0,267,0,0
"matrix/A","menu-settled",31335.3,"","menu","visible",0,0,0,0,"inactive",false,0,false,0,1,0,267,0,0
"matrix/A_repeat","diagnostics-installed",7.7,"","","visible",0,0,0,0,"","",0,"",0,0,"","","",""
"matrix/A_repeat","pageshow:event",14,"","","visible",0,0,0,0,"","",0,"",0,1,"","","",""
"matrix/A_repeat","pageshow:settled",21.6,"","","visible",0,0,0,0,"","",0,"",0,1,"","","",""
"matrix/A_repeat","AtlasChallengeFx.dispose:after",5990,"","menu","visible",0,0,0,0,"idle",false,1,false,0,0,0,0,0,0
"matrix/A_repeat","AtlasChallengeFx.suspend:after",5995.6,"","menu","visible",0,0,0,0,"idle",false,1,false,0,0,0,0,0,0
"matrix/A_repeat","cinematic.releaseLevel:after",5996.4,"","menu","visible",0,0,0,0,"idle",false,1,false,2,0,0,0,0,0
"matrix/A_repeat","cinematic.releaseLevel:after",5996.8,"","menu","visible",0,0,0,0,"idle",false,1,false,2,0,0,0,0,0
"matrix/A_repeat","before-leave",6311.8,"","menu","visible",0,0,0,0,"inactive",false,0,false,0,0,0,0,0,0
"matrix/A_repeat","AtlasChallengeFx.dispose:after",6312.7,"","loading","visible",0,0,0,0,"inactive",false,0,false,0,0,0,0,0,0
"matrix/A_repeat","AtlasChallengeFx.suspend:after",6313.4,"","loading","visible",0,0,0,0,"inactive",false,0,false,0,0,0,0,0,0
"matrix/A_repeat","AtlasChallengeFx.dispose:after",6314.5,"","loading","visible",0,0,0,0,"inactive",false,0,false,0,1,0,0,0,0
"matrix/A_repeat","AtlasChallengeFx.suspend:after",6314.7,"","loading","visible",0,0,0,0,"inactive",false,0,false,0,1,0,0,0,0
"matrix/A_repeat","AtlasSceneEffects.dispose:after",6314.8,"","loading","visible",0,0,0,0,"inactive",false,0,false,0,1,0,0,0,0
"matrix/A_repeat","AtlasAmbientSystem.prepareLevel:resolved",6671.4,"","loading","visible",0,0,0,0,"inactive",false,0,false,0,2,6,124,0,0
"matrix/A_repeat","AtlasAssetReadiness.activate:after",6671.8,"","loading","visible",0,0,0,0,"inactive",false,0,false,0,2,6,124,0,0
"matrix/A_repeat","AtlasChallengeFx.suspend:after",6672.1,"","loading","visible",0,0,0,0,"inactive",false,0,false,0,2,6,124,0,0
"matrix/A_repeat","AtlasChallengeFx.suspend:after",6672.8,"","loading","visible",0,0,0,0,"inactive",false,0,false,0,2,6,124,0,0
"matrix/A_repeat","AtlasSceneEffects.prepareLevel:after",6672.9,"","loading","visible",0,0,0,0,"inactive",false,0,false,0,2,6,124,0,0
"matrix/A_repeat","cinematic.releaseLevel:after",6693.6,"LVL-0032","scene","visible",0,0,0,0,"inactive",false,1,true,2,3,6,124,0,0
"matrix/A_repeat","after-select-before-feature-selection",6696,"LVL-0032","scene","visible",0,0,0,0,"requesting-device",false,1,true,1,4,6,124,0,0
"matrix/A_repeat","cinematic.releaseLevel:after",6701.8,"LVL-0032","scene","visible",0,0,0,0,"requesting-device",false,1,true,3,4,6,124,0,0
"matrix/A_repeat","after-select-initialization",6703,"LVL-0032","scene","visible",0,0,0,0,"requesting-device",false,1,true,4,4,6,124,0,0
"matrix/A_repeat","cinematic.releaseLevel:after",7328.8,"LVL-0032","scene","visible",1,3,0,0,"compiling-pipelines",false,2,true,1,3,6,124,0,0
"matrix/A_repeat","after-steady-initialization",8626.5,"LVL-0032","scene","visible",5,6,1,1,"ready",true,2,true,0,2,6,124,0,0
"matrix/A_repeat","A_repeat-0-LVL-0032:stationary:before",8630.3,"LVL-0032","scene","visible",5,6,1,1,"ready",true,2,true,0,2,6,124,0,0
"matrix/A_repeat","A_repeat-0-LVL-0032:stationary:after",12640.3,"LVL-0032","scene","visible",15,6,1,1,"ready",true,2,true,0,2,6,124,0,0
"matrix/A_repeat","A_repeat-0-LVL-0032:walking:before",13373.8,"LVL-0032","scene","visible",40,6,1,1,"ready",true,4,true,0,1,6,124,0,0
"matrix/A_repeat","A_repeat-0-LVL-0032:walking:after",17381.1,"LVL-0032","scene","visible",47,6,1,1,"ready",true,4,true,0,1,6,124,0,0
"matrix/A_repeat","before-leave",17458,"LVL-0032","scene","visible",47,6,1,1,"ready",true,4,true,0,1,6,124,0,0
"matrix/A_repeat","cinematic.releaseLevel:after",18161.9,"LVL-0001","scene","visible",2,3,0,1,"ready",false,2,true,2,3,163,267,0,0
"matrix/A_repeat","after-select-before-feature-selection",18300.9,"LVL-0001","scene","visible",1,0,0,1,"compiling-pipelines",false,2,true,1,3,163,267,0,0
"matrix/A_repeat","cinematic.releaseLevel:after",18317,"LVL-0001","scene","visible",1,0,0,1,"compiling-pipelines",false,2,true,3,3,163,267,0,0
"matrix/A_repeat","after-select-initialization",18318.1,"LVL-0001","scene","visible",1,0,0,1,"requesting-device",false,2,true,4,3,163,267,0,0
"matrix/A_repeat","cinematic.releaseLevel:after",18587.6,"LVL-0001","scene","visible",2,3,0,1,"compiling-pipelines",false,3,true,1,3,163,267,0,0
"matrix/A_repeat","after-steady-initialization",19989.7,"LVL-0001","scene","visible",11,12,2,2,"ready",true,3,true,0,2,163,267,0,0
"matrix/A_repeat","A_repeat-1-LVL-0001:stationary:before",19994.8,"LVL-0001","scene","visible",11,12,2,2,"ready",true,3,true,0,2,163,267,0,0
"matrix/A_repeat","A_repeat-1-LVL-0001:stationary:after",23999.5,"LVL-0001","scene","visible",25,12,2,2,"ready",true,3,true,0,2,163,267,0,0
"matrix/A_repeat","A_repeat-1-LVL-0001:walking:before",24754.6,"LVL-0001","scene","visible",50,12,2,2,"ready",true,5,true,0,1,163,267,0,0
"matrix/A_repeat","A_repeat-1-LVL-0001:walking:after",28756.7,"LVL-0001","scene","visible",65,13,2,2,"ready",true,5,true,0,1,163,267,0,0
"matrix/A_repeat","before-final-menu",28841.2,"LVL-0001","scene","visible",65,13,2,2,"ready",true,5,true,0,1,163,267,0,0
"matrix/A_repeat","AtlasAmbientSystem.releaseLevel:after",28841.8,"LVL-0001","scene","visible",65,13,2,2,"ready",true,4,true,0,1,163,267,0,0
"matrix/A_repeat","AtlasChallengeFx.dispose:after",28842.1,"LVL-0001","scene","visible",65,13,2,2,"ready",true,4,true,0,1,163,267,0,0
"matrix/A_repeat","AtlasChallengeFx.suspend:after",28842.3,"LVL-0001","scene","visible",65,13,2,2,"ready",true,4,true,0,1,163,267,0,0
"matrix/A_repeat","AtlasSceneEffects.dispose:after",28842.5,"LVL-0001","scene","visible",65,13,2,2,"ready",true,3,false,0,1,163,267,0,0
"matrix/A_repeat","AtlasVoxelRenderer.dispose:after",28842.8,"LVL-0001","scene","visible",65,13,2,2,"ready",true,3,false,0,1,163,267,0,0
"matrix/A_repeat","cinematic.releaseLevel:after",28843.2,"LVL-0001","scene","visible",3,3,0,2,"ready",false,2,false,0,1,163,267,0,0
"matrix/A_repeat","AtlasCinematicRenderer.dispose:after",28843.5,"LVL-0001","scene","visible",0,0,0,0,"idle",false,2,false,0,1,163,267,0,0
"matrix/A_repeat","AtlasThreeRenderer.dispose:after",28844.2,"LVL-0001","scene","visible",0,0,0,0,"idle",false,2,false,0,1,163,267,0,0
"matrix/A_repeat","AtlasEmissiveGlow.dispose:after",28844.2,"LVL-0001","scene","visible",0,0,0,0,"idle",false,2,false,0,1,163,267,0,0
"matrix/A_repeat","AtlasAssetReadiness.releaseActive:after",28844.5,"LVL-0001","scene","visible",0,0,0,0,"idle",false,2,false,0,0,0,267,0,0
"matrix/A_repeat","AtlasChallengeFx.dispose:after",28844.7,"","menu","visible",0,0,0,0,"idle",false,2,false,0,0,0,267,0,0
"matrix/A_repeat","AtlasChallengeFx.suspend:after",28846.6,"","menu","visible",0,0,0,0,"idle",false,1,false,0,0,0,267,0,0
"matrix/A_repeat","cinematic.releaseLevel:after",28847,"","menu","visible",0,0,0,0,"idle",false,1,false,2,0,0,267,0,0
"matrix/A_repeat","final-menu",28847.4,"","menu","visible",0,0,0,0,"inactive",false,1,false,3,0,0,267,0,0
"matrix/A_repeat","menu-settled",31364.9,"","menu","visible",0,0,0,0,"inactive",false,1,false,0,0,0,267,0,0
"matrix/B","diagnostics-installed",7.6,"","","visible",0,0,0,0,"","",0,"",0,0,"","","",""
"matrix/B","pageshow:event",14.5,"","","visible",0,0,0,0,"","",0,"",0,1,"","","",""
"matrix/B","pageshow:settled",17.9,"","","visible",0,0,0,0,"","",0,"",0,1,"","","",""
"matrix/B","AtlasChallengeFx.dispose:after",6042.2,"","menu","visible",0,0,0,0,"idle",false,1,false,0,0,0,0,0,0
"matrix/B","AtlasChallengeFx.suspend:after",6047.5,"","menu","visible",0,0,0,0,"idle",false,1,false,0,0,0,0,0,0
"matrix/B","cinematic.releaseLevel:after",6048.4,"","menu","visible",0,0,0,0,"idle",false,1,false,2,0,0,0,0,0
"matrix/B","cinematic.releaseLevel:after",6048.7,"","menu","visible",0,0,0,0,"idle",false,1,false,2,0,0,0,0,0
"matrix/B","before-leave",6360.8,"","menu","visible",0,0,0,0,"inactive",false,0,false,0,0,0,0,0,0
"matrix/B","AtlasChallengeFx.dispose:after",6361.9,"","loading","visible",0,0,0,0,"inactive",false,0,false,0,0,0,0,0,0
"matrix/B","AtlasChallengeFx.suspend:after",6362.5,"","loading","visible",0,0,0,0,"inactive",false,0,false,0,0,0,0,0,0
"matrix/B","AtlasChallengeFx.dispose:after",6363.7,"","loading","visible",0,0,0,0,"inactive",false,0,false,0,1,0,0,0,0
"matrix/B","AtlasChallengeFx.suspend:after",6363.9,"","loading","visible",0,0,0,0,"inactive",false,0,false,0,1,0,0,0,0
"matrix/B","AtlasSceneEffects.dispose:after",6364.1,"","loading","visible",0,0,0,0,"inactive",false,0,false,0,1,0,0,0,0
"matrix/B","AtlasAmbientSystem.prepareLevel:resolved",7093.7,"","loading","visible",0,0,0,0,"inactive",false,0,false,0,2,163,143,0,0
"matrix/B","AtlasAssetReadiness.activate:after",7093.9,"","loading","visible",0,0,0,0,"inactive",false,0,false,0,2,163,143,0,0
"matrix/B","AtlasChallengeFx.suspend:after",7094.1,"","loading","visible",0,0,0,0,"inactive",false,0,false,0,2,163,143,0,0
"matrix/B","AtlasChallengeFx.suspend:after",7094.6,"","loading","visible",0,0,0,0,"inactive",false,0,false,0,2,163,143,0,0
"matrix/B","AtlasSceneEffects.prepareLevel:after",7094.7,"","loading","visible",0,0,0,0,"inactive",false,0,false,0,2,163,143,0,0
"matrix/B","cinematic.releaseLevel:after",7117.1,"LVL-0001","scene","visible",0,0,0,0,"inactive",false,2,true,2,3,163,143,0,0
"matrix/B","after-select-before-feature-selection",7285.7,"LVL-0001","scene","visible",0,0,0,0,"requesting-device",false,2,true,1,4,163,143,0,0
"matrix/B","cinematic.releaseLevel:after",7296.7,"LVL-0001","scene","visible",0,0,0,0,"requesting-device",false,2,true,3,4,163,143,0,0
"matrix/B","after-select-initialization",7297.8,"LVL-0001","scene","visible",0,0,0,0,"requesting-device",false,2,true,4,4,163,143,0,0
"matrix/B","cinematic.releaseLevel:after",7867.7,"LVL-0001","scene","visible",1,3,0,0,"compiling-pipelines",false,3,true,1,3,163,143,0,0
"matrix/B","after-steady-initialization",9205.4,"LVL-0001","scene","visible",10,12,2,1,"ready",true,3,true,0,2,163,143,0,0
"matrix/B","B-0-LVL-0001:stationary:before",9210.4,"LVL-0001","scene","visible",10,12,2,1,"ready",true,3,true,0,2,163,143,0,0
"matrix/B","B-0-LVL-0001:stationary:after",13216.4,"LVL-0001","scene","visible",23,12,2,1,"ready",true,3,true,0,2,163,143,0,0
"matrix/B","B-0-LVL-0001:walking:before",13968.9,"LVL-0001","scene","visible",48,12,2,1,"ready",true,5,true,0,1,163,143,0,0
"matrix/B","B-0-LVL-0001:walking:after",17971.7,"LVL-0001","scene","visible",63,13,2,1,"ready",true,5,true,0,1,163,143,0,0
"matrix/B","before-leave",18062.6,"LVL-0001","scene","visible",64,13,2,1,"ready",true,5,true,0,1,163,143,0,0
"matrix/B","cinematic.releaseLevel:after",18409.6,"LVL-0032","scene","visible",2,3,0,1,"ready",false,1,true,2,3,6,267,0,0
"matrix/B","after-select-before-feature-selection",18411.5,"LVL-0032","scene","visible",1,0,0,1,"compiling-pipelines",false,1,true,1,3,6,267,0,0
"matrix/B","cinematic.releaseLevel:after",18416.7,"LVL-0032","scene","visible",1,0,0,1,"compiling-pipelines",false,1,true,3,3,6,267,0,0
"matrix/B","after-select-initialization",18417.8,"LVL-0032","scene","visible",1,0,0,1,"requesting-device",false,1,true,4,3,6,267,0,0
"matrix/B","cinematic.releaseLevel:after",18436.4,"LVL-0032","scene","visible",2,3,0,1,"compiling-pipelines",false,2,true,1,3,6,267,0,0
"matrix/B","after-steady-initialization",19715.4,"LVL-0032","scene","visible",6,6,1,2,"ready",true,2,true,0,3,6,267,0,0
"matrix/B","B-1-LVL-0032:stationary:before",19721.9,"LVL-0032","scene","visible",6,6,1,2,"ready",true,2,true,0,3,6,267,0,0
"matrix/B","B-1-LVL-0032:stationary:after",23723.4,"LVL-0032","scene","visible",16,6,1,2,"ready",true,2,true,0,2,6,267,0,0
"matrix/B","B-1-LVL-0032:walking:before",24453.8,"LVL-0032","scene","visible",41,6,1,2,"ready",true,4,true,0,1,6,267,0,0
"matrix/B","B-1-LVL-0032:walking:after",28456.6,"LVL-0032","scene","visible",48,6,1,2,"ready",true,5,true,0,0,6,267,1,0
"matrix/B","before-leave",28532.3,"LVL-0032","scene","visible",48,6,1,2,"ready",true,5,true,0,0,6,267,1,0
"matrix/B","cinematic.releaseLevel:after",29007.8,"LVL-0001","scene","visible",3,3,0,2,"ready",false,2,true,2,2,163,267,0,0
"matrix/B","after-select-before-feature-selection",29021.5,"LVL-0001","scene","visible",2,0,0,2,"compiling-pipelines",false,2,true,1,2,163,267,0,0
"matrix/B","cinematic.releaseLevel:after",29027.1,"LVL-0001","scene","visible",2,0,0,2,"compiling-pipelines",false,2,true,3,2,163,267,0,0
"matrix/B","after-select-initialization",29028.6,"LVL-0001","scene","visible",2,0,0,2,"requesting-device",false,2,true,4,2,163,267,0,0
"matrix/B","cinematic.releaseLevel:after",29070.2,"LVL-0001","scene","visible",3,3,0,2,"compiling-pipelines",false,3,true,1,2,163,267,0,0
"matrix/B","after-steady-initialization",30464,"LVL-0001","scene","visible",12,12,2,2,"ready",true,4,true,0,1,163,267,0,0
"matrix/B","B-2-LVL-0001:stationary:before",30469.9,"LVL-0001","scene","visible",12,12,2,2,"ready",true,4,true,0,1,163,267,0,0
"matrix/B","B-2-LVL-0001:stationary:after",34475.8,"LVL-0001","scene","visible",25,12,2,2,"ready",true,3,true,0,2,163,267,0,0
"matrix/B","B-2-LVL-0001:walking:before",35222.4,"LVL-0001","scene","visible",50,12,2,2,"ready",true,5,true,0,1,163,267,0,0
"matrix/B","B-2-LVL-0001:walking:after",39225.2,"LVL-0001","scene","visible",59,13,2,2,"ready",true,5,true,0,1,163,267,0,0
"matrix/B","before-leave",39308.3,"LVL-0001","scene","visible",59,13,2,2,"ready",true,5,true,0,1,163,267,0,0
"matrix/B","cinematic.releaseLevel:after",39407.8,"LVL-0032","scene","visible",3,3,0,2,"ready",false,1,true,2,2,6,267,0,0
"matrix/B","after-select-before-feature-selection",39409.4,"LVL-0032","scene","visible",2,0,0,2,"compiling-pipelines",false,1,true,1,2,6,267,0,0
"matrix/B","cinematic.releaseLevel:after",39414.4,"LVL-0032","scene","visible",2,0,0,2,"compiling-pipelines",false,1,true,3,2,6,267,0,0
"matrix/B","after-select-initialization",39415.5,"LVL-0032","scene","visible",2,0,0,2,"requesting-device",false,1,true,4,2,6,267,0,0
"matrix/B","cinematic.releaseLevel:after",39460.1,"LVL-0032","scene","visible",3,3,0,2,"compiling-pipelines",false,2,true,1,2,6,267,0,0
"matrix/B","after-steady-initialization",40724.6,"LVL-0032","scene","visible",6,6,1,2,"ready",true,2,true,0,2,6,267,0,0
"matrix/B","B-3-LVL-0032:stationary:before",40727.6,"LVL-0032","scene","visible",6,6,1,2,"ready",true,2,true,0,2,6,267,0,0
"matrix/B","B-3-LVL-0032:stationary:after",44740.7,"LVL-0032","scene","visible",16,6,1,2,"ready",true,2,true,0,2,6,267,0,0
"matrix/B","B-3-LVL-0032:walking:before",45476.9,"LVL-0032","scene","visible",41,6,1,2,"ready",true,4,true,0,1,6,267,0,0
"matrix/B","B-3-LVL-0032:walking:after",49478.3,"LVL-0032","scene","visible",48,6,1,2,"ready",true,5,true,0,0,6,267,1,0
"matrix/B","before-leave",49557.4,"LVL-0032","scene","visible",48,6,1,2,"ready",true,5,true,0,0,6,267,1,0
"matrix/B","cinematic.releaseLevel:after",50022.7,"LVL-0001","scene","visible",3,3,0,2,"ready",false,2,true,2,2,163,267,0,0
"matrix/B","after-select-before-feature-selection",50038,"LVL-0001","scene","visible",2,0,0,2,"compiling-pipelines",false,2,true,1,2,163,267,0,0
"matrix/B","cinematic.releaseLevel:after",50042.9,"LVL-0001","scene","visible",2,0,0,2,"compiling-pipelines",false,2,true,3,2,163,267,0,0
"matrix/B","after-select-initialization",50044,"LVL-0001","scene","visible",2,0,0,2,"requesting-device",false,2,true,4,2,163,267,0,0
"matrix/B","cinematic.releaseLevel:after",50080.5,"LVL-0001","scene","visible",3,3,0,2,"compiling-pipelines",false,3,true,1,2,163,267,0,0
"matrix/B","after-steady-initialization",51492.9,"LVL-0001","scene","visible",11,12,2,2,"ready",true,3,true,0,2,163,267,0,0
"matrix/B","B-4-LVL-0001:stationary:before",51497.6,"LVL-0001","scene","visible",11,12,2,2,"ready",true,3,true,0,2,163,267,0,0
"matrix/B","B-4-LVL-0001:stationary:after",55505.2,"LVL-0001","scene","visible",25,12,2,2,"ready",true,4,true,0,1,163,267,0,0
"matrix/B","B-4-LVL-0001:walking:before",56255.6,"LVL-0001","scene","visible",50,12,2,2,"ready",true,5,true,0,1,163,267,0,0
"matrix/B","B-4-LVL-0001:walking:after",60262.7,"LVL-0001","scene","visible",64,13,2,2,"ready",true,5,true,0,1,163,267,0,0
"matrix/B","before-final-menu",60353.4,"LVL-0001","scene","visible",65,13,2,2,"ready",true,5,true,0,1,163,267,0,0
"matrix/B","AtlasAmbientSystem.releaseLevel:after",60353.9,"LVL-0001","scene","visible",65,13,2,2,"ready",true,4,true,0,1,163,267,0,0
"matrix/B","AtlasChallengeFx.dispose:after",60354.2,"LVL-0001","scene","visible",65,13,2,2,"ready",true,4,true,0,1,163,267,0,0
"matrix/B","AtlasChallengeFx.suspend:after",60354.4,"LVL-0001","scene","visible",65,13,2,2,"ready",true,4,true,0,1,163,267,0,0
"matrix/B","AtlasSceneEffects.dispose:after",60354.7,"LVL-0001","scene","visible",65,13,2,2,"ready",true,3,false,0,1,163,267,0,0
"matrix/B","AtlasVoxelRenderer.dispose:after",60354.9,"LVL-0001","scene","visible",65,13,2,2,"ready",true,3,false,0,1,163,267,0,0
"matrix/B","cinematic.releaseLevel:after",60355.2,"LVL-0001","scene","visible",3,3,0,2,"ready",false,2,false,0,1,163,267,0,0
"matrix/B","AtlasCinematicRenderer.dispose:after",60355.6,"LVL-0001","scene","visible",0,0,0,0,"idle",false,2,false,0,1,163,267,0,0
"matrix/B","AtlasThreeRenderer.dispose:after",60356.2,"LVL-0001","scene","visible",0,0,0,0,"idle",false,2,false,0,1,163,267,0,0
"matrix/B","AtlasEmissiveGlow.dispose:after",60356.3,"LVL-0001","scene","visible",0,0,0,0,"idle",false,2,false,0,1,163,267,0,0
"matrix/B","AtlasAssetReadiness.releaseActive:after",60356.6,"LVL-0001","scene","visible",0,0,0,0,"idle",false,2,false,0,0,0,267,0,0
"matrix/B","AtlasChallengeFx.dispose:after",60356.7,"","menu","visible",0,0,0,0,"idle",false,2,false,0,0,0,267,0,0
"matrix/B","AtlasChallengeFx.suspend:after",60358.7,"","menu","visible",0,0,0,0,"idle",false,1,false,0,0,0,267,0,0
"matrix/B","cinematic.releaseLevel:after",60359,"","menu","visible",0,0,0,0,"idle",false,1,false,2,0,0,267,0,0
"matrix/B","final-menu",60359.6,"","menu","visible",0,0,0,0,"inactive",false,1,false,3,0,0,267,0,0
"matrix/B","menu-settled",62870.7,"","menu","visible",0,0,0,0,"inactive",false,0,false,0,1,0,267,0,0
"matrix/C","diagnostics-installed",7.4,"","","visible",0,0,0,0,"","",0,"",0,0,"","","",""
"matrix/C","pageshow:event",14.3,"","","visible",0,0,0,0,"","",0,"",0,1,"","","",""
"matrix/C","pageshow:settled",21.8,"","","visible",0,0,0,0,"","",0,"",0,1,"","","",""
"matrix/C","AtlasChallengeFx.dispose:after",6011.4,"","menu","visible",0,0,0,0,"idle",false,1,false,0,0,0,0,0,0
"matrix/C","AtlasChallengeFx.suspend:after",6016.9,"","menu","visible",0,0,0,0,"idle",false,1,false,0,0,0,0,0,0
"matrix/C","cinematic.releaseLevel:after",6017.8,"","menu","visible",0,0,0,0,"idle",false,1,false,2,0,0,0,0,0
"matrix/C","cinematic.releaseLevel:after",6018,"","menu","visible",0,0,0,0,"idle",false,1,false,2,0,0,0,0,0
"matrix/C","before-leave",6347,"","menu","visible",0,0,0,0,"inactive",false,0,false,0,0,0,0,0,0
"matrix/C","AtlasChallengeFx.dispose:after",6347.9,"","loading","visible",0,0,0,0,"inactive",false,0,false,0,0,0,0,0,0
"matrix/C","AtlasChallengeFx.suspend:after",6348.6,"","loading","visible",0,0,0,0,"inactive",false,0,false,0,0,0,0,0,0
"matrix/C","AtlasChallengeFx.dispose:after",6349.7,"","loading","visible",0,0,0,0,"inactive",false,0,false,0,1,0,0,0,0
"matrix/C","AtlasChallengeFx.suspend:after",6349.9,"","loading","visible",0,0,0,0,"inactive",false,0,false,0,1,0,0,0,0
"matrix/C","AtlasSceneEffects.dispose:after",6349.9,"","loading","visible",0,0,0,0,"inactive",false,0,false,0,1,0,0,0,0
"matrix/C","AtlasAmbientSystem.prepareLevel:resolved",6728.4,"","loading","visible",0,0,0,0,"inactive",false,0,false,0,2,7,143,0,0
"matrix/C","AtlasAssetReadiness.activate:after",6728.8,"","loading","visible",0,0,0,0,"inactive",false,0,false,0,2,7,143,0,0
"matrix/C","AtlasChallengeFx.suspend:after",6729,"","loading","visible",0,0,0,0,"inactive",false,0,false,0,2,7,143,0,0
"matrix/C","AtlasChallengeFx.suspend:after",6729.8,"","loading","visible",0,0,0,0,"inactive",false,0,false,0,2,7,143,0,0
"matrix/C","AtlasSceneEffects.prepareLevel:after",6729.9,"","loading","visible",0,0,0,0,"inactive",false,0,false,0,2,7,143,0,0
"matrix/C","cinematic.releaseLevel:after",6754.9,"LVL-0004","scene","visible",0,0,0,0,"inactive",false,1,true,2,4,7,143,0,0
"matrix/C","after-select-before-feature-selection",6935.6,"LVL-0004","scene","visible",0,0,0,0,"requesting-device",false,1,true,1,5,7,143,0,0
"matrix/C","cinematic.releaseLevel:after",6944.5,"LVL-0004","scene","visible",0,0,0,0,"requesting-device",false,1,true,3,5,7,143,0,0
"matrix/C","after-select-initialization",6945.6,"LVL-0004","scene","visible",0,0,0,0,"requesting-device",false,1,true,4,5,7,143,0,0
"matrix/C","cinematic.releaseLevel:after",7471.6,"LVL-0004","scene","visible",1,3,0,0,"compiling-pipelines",false,2,true,1,4,7,143,0,0
"matrix/C","after-steady-initialization",8827.3,"LVL-0004","scene","visible",23,12,2,1,"ready",true,2,true,0,3,7,143,0,0
"matrix/C","C-0-LVL-0004:stationary:before",8834.1,"LVL-0004","scene","visible",23,12,2,1,"ready",true,2,true,0,3,7,143,0,0
"matrix/C","C-0-LVL-0004:stationary:after",12838.2,"LVL-0004","scene","visible",24,12,2,1,"ready",true,2,true,0,3,7,143,0,0
"matrix/C","C-0-LVL-0004:walking:before",13586.4,"LVL-0004","scene","visible",49,12,2,1,"ready",true,4,true,0,2,7,143,0,0
"matrix/C","C-0-LVL-0004:walking:after",17593.9,"LVL-0004","scene","visible",53,13,2,1,"ready",true,4,true,0,2,7,143,0,0
"matrix/C","before-leave",17692.6,"LVL-0004","scene","visible",53,13,2,1,"ready",true,4,true,0,2,7,143,0,0
"matrix/C","cinematic.releaseLevel:after",18173.3,"LVL-0034","scene","visible",2,3,0,1,"ready",false,1,true,2,3,78,267,0,0
"matrix/C","after-select-before-feature-selection",18174.6,"LVL-0034","scene","visible",1,0,0,1,"compiling-pipelines",false,1,true,1,3,78,267,0,0
"matrix/C","cinematic.releaseLevel:after",18179,"LVL-0034","scene","visible",1,0,0,1,"compiling-pipelines",false,1,true,3,3,78,267,0,0
"matrix/C","after-select-initialization",18180,"LVL-0034","scene","visible",1,0,0,1,"requesting-device",false,1,true,4,3,78,267,0,0
"matrix/C","cinematic.releaseLevel:after",18206.1,"LVL-0034","scene","visible",2,3,0,1,"compiling-pipelines",false,2,true,1,3,78,267,0,0
"matrix/C","after-steady-initialization",19476.7,"LVL-0034","scene","visible",6,6,1,2,"ready",true,2,true,0,3,78,267,0,0
"matrix/C","C-1-LVL-0034:stationary:before",19480.3,"LVL-0034","scene","visible",6,6,1,2,"ready",true,2,true,0,3,78,267,0,0
"matrix/C","C-1-LVL-0034:stationary:after",23486.8,"LVL-0034","scene","visible",16,6,1,2,"ready",true,2,true,0,2,78,267,0,0
"matrix/C","C-1-LVL-0034:walking:before",24211.1,"LVL-0034","scene","visible",41,6,1,2,"ready",true,4,true,0,1,78,267,0,0
"matrix/C","C-1-LVL-0034:walking:after",28221,"LVL-0034","scene","visible",48,6,1,2,"ready",true,5,true,0,0,78,267,1,0
"matrix/C","before-leave",28296.7,"LVL-0034","scene","visible",48,6,1,2,"ready",true,5,true,0,0,78,267,1,0
"matrix/C","cinematic.releaseLevel:after",28371,"LVL-0035","scene","visible",3,3,0,2,"ready",false,1,true,2,5,7,267,0,0
"matrix/C","after-select-before-feature-selection",28372.3,"LVL-0035","scene","visible",2,0,0,2,"compiling-pipelines",false,1,true,1,5,7,267,0,0
"matrix/C","cinematic.releaseLevel:after",28377.2,"LVL-0035","scene","visible",2,0,0,2,"compiling-pipelines",false,1,true,3,5,7,267,0,0
"matrix/C","after-select-initialization",28378.4,"LVL-0035","scene","visible",2,0,0,2,"requesting-device",false,1,true,4,5,7,267,0,0
"matrix/C","cinematic.releaseLevel:after",28400.1,"LVL-0035","scene","visible",3,3,0,2,"compiling-pipelines",false,2,true,1,5,7,267,0,0
"matrix/C","after-steady-initialization",29669,"LVL-0035","scene","visible",7,6,1,3,"ready",true,2,true,0,5,7,267,0,0
"matrix/C","C-2-LVL-0035:stationary:before",29673.5,"LVL-0035","scene","visible",7,6,1,3,"ready",true,2,true,0,5,7,267,0,0
"matrix/C","C-2-LVL-0035:stationary:after",33678.4,"LVL-0035","scene","visible",17,6,1,3,"ready",true,2,true,0,3,7,267,0,0
"matrix/C","C-2-LVL-0035:walking:before",34409.5,"LVL-0035","scene","visible",42,6,1,3,"ready",true,4,true,0,2,7,267,0,0
"matrix/C","C-2-LVL-0035:walking:after",38411.6,"LVL-0035","scene","visible",49,6,1,3,"ready",true,5,true,0,1,7,267,1,1
"matrix/C","before-leave",38472.5,"LVL-0035","scene","visible",49,6,1,3,"ready",true,5,true,0,1,7,267,1,1
"matrix/C","cinematic.releaseLevel:after",38577.6,"LVL-0004","scene","visible",4,3,0,3,"ready",false,1,true,2,3,7,267,0,0
"matrix/C","after-select-before-feature-selection",38595.6,"LVL-0004","scene","visible",3,0,0,3,"compiling-pipelines",false,1,true,1,3,7,267,0,0
"matrix/C","cinematic.releaseLevel:after",38601.3,"LVL-0004","scene","visible",3,0,0,3,"compiling-pipelines",false,1,true,3,3,7,267,0,0
"matrix/C","after-select-initialization",38602.3,"LVL-0004","scene","visible",3,0,0,3,"requesting-device",false,1,true,4,3,7,267,0,0
"matrix/C","cinematic.releaseLevel:after",38644.3,"LVL-0004","scene","visible",4,3,0,3,"compiling-pipelines",false,2,true,1,3,7,267,0,0
"matrix/C","after-steady-initialization",40027,"LVL-0004","scene","visible",12,12,2,3,"ready",true,2,true,0,3,7,267,0,0
"matrix/C","C-3-LVL-0004:stationary:before",40032.5,"LVL-0004","scene","visible",12,12,2,3,"ready",true,2,true,0,3,7,267,0,0
"matrix/C","C-3-LVL-0004:stationary:after",44036.4,"LVL-0004","scene","visible",25,12,2,3,"ready",true,2,true,0,3,7,267,0,0
"matrix/C","C-3-LVL-0004:walking:before",44785.4,"LVL-0004","scene","visible",50,12,2,3,"ready",true,4,true,0,2,7,267,0,0
"matrix/C","C-3-LVL-0004:walking:after",48791.2,"LVL-0004","scene","visible",55,13,2,3,"ready",true,4,true,0,2,7,267,0,0
"matrix/C","before-leave",48873.9,"LVL-0004","scene","visible",55,13,2,3,"ready",true,4,true,0,2,7,267,0,0
"matrix/C","cinematic.releaseLevel:after",49324.2,"LVL-0001","scene","visible",4,3,0,3,"ready",false,2,true,2,3,163,267,0,0
"matrix/C","after-select-before-feature-selection",49338.3,"LVL-0001","scene","visible",3,0,0,3,"compiling-pipelines",false,2,true,1,3,163,267,0,0
"matrix/C","cinematic.releaseLevel:after",49344.1,"LVL-0001","scene","visible",3,0,0,3,"compiling-pipelines",false,2,true,3,3,163,267,0,0
"matrix/C","after-select-initialization",49345.3,"LVL-0001","scene","visible",3,0,0,3,"requesting-device",false,2,true,4,3,163,267,0,0
"matrix/C","cinematic.releaseLevel:after",49389.5,"LVL-0001","scene","visible",4,3,0,3,"compiling-pipelines",false,3,true,1,3,163,267,0,0
"matrix/C","after-steady-initialization",50667,"LVL-0001","scene","visible",13,12,2,4,"ready",true,3,true,0,3,163,267,0,0
"matrix/C","C-4-LVL-0001:stationary:before",50671.8,"LVL-0001","scene","visible",13,12,2,4,"ready",true,3,true,0,3,163,267,0,0
"matrix/C","C-4-LVL-0001:stationary:after",54676.4,"LVL-0001","scene","visible",26,12,2,4,"ready",true,3,true,0,2,163,267,0,0
"matrix/C","C-4-LVL-0001:walking:before",55414,"LVL-0001","scene","visible",50,12,2,4,"ready",true,5,true,0,1,163,267,0,0
"matrix/C","C-4-LVL-0001:walking:after",59416.5,"LVL-0001","scene","visible",66,13,2,4,"ready",true,5,true,0,1,163,267,0,0
"matrix/C","before-final-menu",59509.5,"LVL-0001","scene","visible",67,13,2,4,"ready",true,5,true,0,1,163,267,0,0
"matrix/C","AtlasAmbientSystem.releaseLevel:after",59510,"LVL-0001","scene","visible",67,13,2,4,"ready",true,4,true,0,1,163,267,0,0
"matrix/C","AtlasChallengeFx.dispose:after",59510.3,"LVL-0001","scene","visible",67,13,2,4,"ready",true,4,true,0,1,163,267,0,0
"matrix/C","AtlasChallengeFx.suspend:after",59510.5,"LVL-0001","scene","visible",67,13,2,4,"ready",true,4,true,0,1,163,267,0,0
"matrix/C","AtlasSceneEffects.dispose:after",59510.6,"LVL-0001","scene","visible",67,13,2,4,"ready",true,3,false,0,1,163,267,0,0
"matrix/C","AtlasVoxelRenderer.dispose:after",59511,"LVL-0001","scene","visible",67,13,2,4,"ready",true,3,false,0,1,163,267,0,0
"matrix/C","cinematic.releaseLevel:after",59511.3,"LVL-0001","scene","visible",5,3,0,4,"ready",false,2,false,0,1,163,267,0,0
"matrix/C","AtlasCinematicRenderer.dispose:after",59511.5,"LVL-0001","scene","visible",0,0,0,0,"idle",false,2,false,0,1,163,267,0,0
"matrix/C","AtlasThreeRenderer.dispose:after",59512.1,"LVL-0001","scene","visible",0,0,0,0,"idle",false,2,false,0,1,163,267,0,0
"matrix/C","AtlasEmissiveGlow.dispose:after",59512.3,"LVL-0001","scene","visible",0,0,0,0,"idle",false,2,false,0,1,163,267,0,0
"matrix/C","AtlasAssetReadiness.releaseActive:after",59512.5,"LVL-0001","scene","visible",0,0,0,0,"idle",false,2,false,0,0,0,267,0,0
"matrix/C","AtlasChallengeFx.dispose:after",59512.6,"","menu","visible",0,0,0,0,"idle",false,2,false,0,0,0,267,0,0
"matrix/C","AtlasChallengeFx.suspend:after",59514.8,"","menu","visible",0,0,0,0,"idle",false,1,false,0,0,0,267,0,0
"matrix/C","cinematic.releaseLevel:after",59515.1,"","menu","visible",0,0,0,0,"idle",false,1,false,2,0,0,267,0,0
"matrix/C","final-menu",59515.5,"","menu","visible",0,0,0,0,"inactive",false,1,false,3,0,0,267,0,0
"matrix/C","menu-settled",62021,"","menu","visible",0,0,0,0,"inactive",false,1,false,0,0,0,267,0,0
"matrix/D","diagnostics-installed",7.3,"","","visible",0,0,0,0,"","",0,"",0,0,"","","",""
"matrix/D","pageshow:event",13.4,"","","visible",0,0,0,0,"","",0,"",0,1,"","","",""
"matrix/D","pageshow:settled",20.9,"","","visible",0,0,0,0,"","",0,"",0,1,"","","",""
"matrix/D","AtlasChallengeFx.dispose:after",5959.6,"","menu","visible",0,0,0,0,"idle",false,1,false,0,0,0,0,0,0
"matrix/D","AtlasChallengeFx.suspend:after",5965.1,"","menu","visible",0,0,0,0,"idle",false,1,false,0,0,0,0,0,0
"matrix/D","cinematic.releaseLevel:after",5966,"","menu","visible",0,0,0,0,"idle",false,1,false,2,0,0,0,0,0
"matrix/D","cinematic.releaseLevel:after",5966.3,"","menu","visible",0,0,0,0,"idle",false,1,false,2,0,0,0,0,0
"matrix/D","before-leave",6271,"","menu","visible",0,0,0,0,"inactive",false,0,false,0,0,0,0,0,0
"matrix/D","AtlasChallengeFx.dispose:after",6272.1,"","loading","visible",0,0,0,0,"inactive",false,0,false,0,0,0,0,0,0
"matrix/D","AtlasChallengeFx.suspend:after",6272.8,"","loading","visible",0,0,0,0,"inactive",false,0,false,0,0,0,0,0,0
"matrix/D","AtlasChallengeFx.dispose:after",6273.9,"","loading","visible",0,0,0,0,"inactive",false,0,false,0,1,0,0,0,0
"matrix/D","AtlasChallengeFx.suspend:after",6274.1,"","loading","visible",0,0,0,0,"inactive",false,0,false,0,1,0,0,0,0
"matrix/D","AtlasSceneEffects.dispose:after",6274.2,"","loading","visible",0,0,0,0,"inactive",false,0,false,0,1,0,0,0,0
"matrix/D","AtlasAmbientSystem.prepareLevel:resolved",6644.6,"","loading","visible",0,0,0,0,"inactive",false,0,false,0,2,7,143,0,0
"matrix/D","AtlasAssetReadiness.activate:after",6644.9,"","loading","visible",0,0,0,0,"inactive",false,0,false,0,2,7,143,0,0
"matrix/D","AtlasChallengeFx.suspend:after",6645.1,"","loading","visible",0,0,0,0,"inactive",false,0,false,0,2,7,143,0,0
"matrix/D","AtlasChallengeFx.suspend:after",6645.8,"","loading","visible",0,0,0,0,"inactive",false,0,false,0,2,7,143,0,0
"matrix/D","AtlasSceneEffects.prepareLevel:after",6645.9,"","loading","visible",0,0,0,0,"inactive",false,0,false,0,2,7,143,0,0
"matrix/D","cinematic.releaseLevel:after",6671.5,"LVL-0004","scene","visible",0,0,0,0,"inactive",false,1,true,2,4,7,143,0,0
"matrix/D","after-select-before-feature-selection",6868.4,"LVL-0004","scene","visible",0,0,0,0,"requesting-device",false,1,true,1,5,7,143,0,0
"matrix/D","cinematic.releaseLevel:after",6878.4,"LVL-0004","scene","visible",0,0,0,0,"requesting-device",false,1,true,3,5,7,143,0,0
"matrix/D","after-select-initialization",6879.4,"LVL-0004","scene","visible",0,0,0,0,"requesting-device",false,1,true,4,5,7,143,0,0
"matrix/D","cinematic.releaseLevel:after",7428.5,"LVL-0004","scene","visible",1,3,0,0,"compiling-pipelines",false,2,true,1,4,7,143,0,0
"matrix/D","after-steady-initialization",8765.3,"LVL-0004","scene","visible",10,12,2,1,"ready",true,2,true,0,3,7,143,0,0
"matrix/D","D-0-LVL-0004:stationary:before",8770.1,"LVL-0004","scene","visible",10,12,2,1,"ready",true,2,true,0,3,7,143,0,0
"matrix/D","D-0-LVL-0004:stationary:after",12773.1,"LVL-0004","scene","visible",24,12,2,1,"ready",true,2,true,0,3,7,143,0,0
"matrix/D","D-0-LVL-0004:walking:before",13528.3,"LVL-0004","scene","visible",49,12,2,1,"ready",true,4,true,0,2,7,143,0,0
"matrix/D","D-0-LVL-0004:walking:after",17532.8,"LVL-0004","scene","visible",53,13,2,1,"ready",true,4,true,0,2,7,143,0,0
"matrix/D","before-menu",17621.4,"LVL-0004","scene","visible",53,13,2,1,"ready",true,4,true,0,2,7,143,0,0
"matrix/D","AtlasAmbientSystem.releaseLevel:after",17621.9,"LVL-0004","scene","visible",53,13,2,1,"ready",true,3,true,0,2,7,143,0,0
"matrix/D","AtlasChallengeFx.dispose:after",17622.5,"LVL-0004","scene","visible",53,13,2,1,"ready",true,3,true,0,2,7,143,0,0
"matrix/D","AtlasChallengeFx.suspend:after",17622.8,"LVL-0004","scene","visible",53,13,2,1,"ready",true,3,true,0,2,7,143,0,0
"matrix/D","AtlasSceneEffects.dispose:after",17623.2,"LVL-0004","scene","visible",53,13,2,1,"ready",true,2,false,0,2,7,143,0,0
"matrix/D","AtlasVoxelRenderer.dispose:after",17623.6,"LVL-0004","scene","visible",53,13,2,1,"ready",true,2,false,0,2,7,143,0,0
"matrix/D","cinematic.releaseLevel:after",17624,"LVL-0004","scene","visible",2,3,0,1,"ready",false,1,false,0,2,7,143,0,0
"matrix/D","AtlasCinematicRenderer.dispose:after",17624.3,"LVL-0004","scene","visible",0,0,0,0,"idle",false,1,false,0,2,7,143,0,0
"matrix/D","AtlasThreeRenderer.dispose:after",17624.9,"LVL-0004","scene","visible",0,0,0,0,"idle",false,1,false,0,2,7,143,0,0
"matrix/D","AtlasEmissiveGlow.dispose:after",17625.1,"LVL-0004","scene","visible",0,0,0,0,"idle",false,1,false,0,2,7,143,0,0
"matrix/D","AtlasAssetReadiness.releaseActive:after",17625.3,"LVL-0004","scene","visible",0,0,0,0,"idle",false,1,false,0,0,0,143,0,0
"matrix/D","AtlasChallengeFx.dispose:after",17625.7,"","menu","visible",0,0,0,0,"idle",false,1,false,0,0,0,143,0,0
"matrix/D","AtlasChallengeFx.suspend:after",17628.5,"","menu","visible",0,0,0,0,"idle",false,1,false,0,0,0,143,0,0
"matrix/D","cinematic.releaseLevel:after",17629,"","menu","visible",0,0,0,0,"idle",false,1,false,2,0,0,143,0,0
"matrix/D","after-menu-teardown",17629.5,"","menu","visible",0,0,0,0,"inactive",false,1,false,3,0,0,143,0,0
"matrix/D","before-leave",17944.5,"","menu","visible",0,0,0,0,"inactive",false,1,false,0,0,0,143,0,0
"matrix/D","AtlasChallengeFx.dispose:after",17945.2,"","loading","visible",0,0,0,0,"inactive",false,1,false,0,0,0,143,0,0
"matrix/D","AtlasChallengeFx.suspend:after",17945.6,"","loading","visible",0,0,0,0,"inactive",false,1,false,0,0,0,143,0,0
"matrix/D","AtlasChallengeFx.dispose:after",17946,"","loading","visible",0,0,0,0,"inactive",false,1,false,0,0,0,143,0,0
"matrix/D","AtlasChallengeFx.suspend:after",17946.2,"","loading","visible",0,0,0,0,"inactive",false,1,false,0,0,0,143,0,0
"matrix/D","AtlasSceneEffects.dispose:after",17946.2,"","loading","visible",0,0,0,0,"inactive",false,1,false,0,0,0,143,0,0
"matrix/D","AtlasAmbientSystem.prepareLevel:resolved",18413.2,"","loading","visible",0,0,0,0,"inactive",false,0,false,0,2,78,267,0,0
"matrix/D","AtlasAssetReadiness.activate:after",18413.4,"","loading","visible",0,0,0,0,"inactive",false,0,false,0,2,78,267,0,0
"matrix/D","AtlasChallengeFx.suspend:after",18413.6,"","loading","visible",0,0,0,0,"inactive",false,0,false,0,2,78,267,0,0
"matrix/D","AtlasChallengeFx.suspend:after",18413.8,"","loading","visible",0,0,0,0,"inactive",false,0,false,0,2,78,267,0,0
"matrix/D","AtlasSceneEffects.prepareLevel:after",18413.9,"","loading","visible",0,0,0,0,"inactive",false,0,false,0,2,78,267,0,0
"matrix/D","cinematic.releaseLevel:after",18420.7,"LVL-0034","scene","visible",0,0,0,0,"inactive",false,1,true,2,3,78,267,0,0
"matrix/D","after-select-before-feature-selection",18421.7,"LVL-0034","scene","visible",0,0,0,0,"compiling-pipelines",false,1,true,1,3,78,267,0,0
"matrix/D","cinematic.releaseLevel:after",18425.9,"LVL-0034","scene","visible",0,0,0,0,"compiling-pipelines",false,1,true,3,3,78,267,0,0
"matrix/D","after-select-initialization",18426.9,"LVL-0034","scene","visible",0,0,0,0,"requesting-device",false,1,true,4,3,78,267,0,0
"matrix/D","cinematic.releaseLevel:after",18444.8,"LVL-0034","scene","visible",1,3,0,0,"compiling-pipelines",false,2,true,1,3,78,267,0,0
"matrix/D","after-steady-initialization",19718.9,"LVL-0034","scene","visible",5,6,1,1,"ready",true,2,true,0,3,78,267,0,0
"matrix/D","D-2-LVL-0034:stationary:before",19722.1,"LVL-0034","scene","visible",5,6,1,1,"ready",true,2,true,0,3,78,267,0,0
"matrix/D","D-2-LVL-0034:stationary:after",23729.7,"LVL-0034","scene","visible",13,6,1,1,"ready",true,3,true,0,1,78,267,0,0
"matrix/D","D-2-LVL-0034:walking:before",24466.2,"LVL-0034","scene","visible",38,6,1,1,"ready",true,4,true,0,1,78,267,0,0
"matrix/D","D-2-LVL-0034:walking:after",28478.4,"LVL-0034","scene","visible",45,6,1,1,"ready",true,5,true,0,0,78,267,1,0
"matrix/D","before-menu",28675.7,"LVL-0034","scene","visible",45,6,1,1,"ready",true,5,true,0,0,78,267,1,0
"matrix/D","AtlasAmbientSystem.releaseLevel:after",28676.4,"LVL-0034","scene","visible",45,6,1,1,"ready",true,3,true,0,0,78,267,0,0
"matrix/D","AtlasChallengeFx.dispose:after",28676.6,"LVL-0034","scene","visible",45,6,1,1,"ready",true,3,true,0,0,78,267,0,0
"matrix/D","AtlasChallengeFx.suspend:after",28676.9,"LVL-0034","scene","visible",45,6,1,1,"ready",true,3,true,0,0,78,267,0,0
"matrix/D","AtlasSceneEffects.dispose:after",28677,"LVL-0034","scene","visible",45,6,1,1,"ready",true,2,false,0,0,78,267,0,0
"matrix/D","AtlasVoxelRenderer.dispose:after",28677.2,"LVL-0034","scene","visible",45,6,1,1,"ready",true,2,false,0,0,78,267,0,0
"matrix/D","cinematic.releaseLevel:after",28677.5,"LVL-0034","scene","visible",2,3,0,1,"ready",false,1,false,0,0,78,267,0,0
"matrix/D","AtlasCinematicRenderer.dispose:after",28677.7,"LVL-0034","scene","visible",0,0,0,0,"idle",false,1,false,0,0,78,267,0,0
"matrix/D","AtlasThreeRenderer.dispose:after",28678.2,"LVL-0034","scene","visible",0,0,0,0,"idle",false,1,false,0,0,78,267,0,0
"matrix/D","AtlasEmissiveGlow.dispose:after",28678.3,"LVL-0034","scene","visible",0,0,0,0,"idle",false,1,false,0,0,78,267,0,0
"matrix/D","AtlasAssetReadiness.releaseActive:after",28678.5,"LVL-0034","scene","visible",0,0,0,0,"idle",false,1,false,0,0,0,267,0,0
"matrix/D","AtlasChallengeFx.dispose:after",28678.8,"","menu","visible",0,0,0,0,"idle",false,1,false,0,0,0,267,0,0
"matrix/D","AtlasChallengeFx.suspend:after",28680.6,"","menu","visible",0,0,0,0,"idle",false,1,false,0,0,0,267,0,0
"matrix/D","cinematic.releaseLevel:after",28680.9,"","menu","visible",0,0,0,0,"idle",false,1,false,2,0,0,267,0,0
"matrix/D","after-menu-teardown",28681.4,"","menu","visible",0,0,0,0,"inactive",false,1,false,3,0,0,267,0,0
"matrix/D","before-leave",28996.9,"","menu","visible",0,0,0,0,"inactive",false,1,false,0,0,0,267,0,0
"matrix/D","AtlasChallengeFx.dispose:after",28997.6,"","loading","visible",0,0,0,0,"inactive",false,1,false,0,0,0,267,0,0
"matrix/D","AtlasChallengeFx.suspend:after",28998,"","loading","visible",0,0,0,0,"inactive",false,1,false,0,0,0,267,0,0
"matrix/D","AtlasChallengeFx.dispose:after",28998.2,"","loading","visible",0,0,0,0,"inactive",false,1,false,0,0,0,267,0,0
"matrix/D","AtlasChallengeFx.suspend:after",28998.3,"","loading","visible",0,0,0,0,"inactive",false,1,false,0,0,0,267,0,0
"matrix/D","AtlasSceneEffects.dispose:after",28998.4,"","loading","visible",0,0,0,0,"inactive",false,1,false,0,0,0,267,0,0
"matrix/D","AtlasAmbientSystem.prepareLevel:resolved",29081.7,"","loading","visible",0,0,0,0,"inactive",false,0,false,0,3,7,267,0,0
"matrix/D","AtlasAssetReadiness.activate:after",29081.9,"","loading","visible",0,0,0,0,"inactive",false,0,false,0,3,7,267,0,0
"matrix/D","AtlasChallengeFx.suspend:after",29082,"","loading","visible",0,0,0,0,"inactive",false,0,false,0,3,7,267,0,0
"matrix/D","AtlasChallengeFx.suspend:after",29082.2,"","loading","visible",0,0,0,0,"inactive",false,0,false,0,3,7,267,0,0
"matrix/D","AtlasSceneEffects.prepareLevel:after",29082.3,"","loading","visible",0,0,0,0,"inactive",false,0,false,0,3,7,267,0,0
"matrix/D","cinematic.releaseLevel:after",29088.1,"LVL-0035","scene","visible",0,0,0,0,"inactive",false,1,true,2,5,7,267,0,0
"matrix/D","after-select-before-feature-selection",29088.9,"LVL-0035","scene","visible",0,0,0,0,"compiling-pipelines",false,1,true,1,5,7,267,0,0
"matrix/D","cinematic.releaseLevel:after",29093.2,"LVL-0035","scene","visible",0,0,0,0,"compiling-pipelines",false,1,true,3,5,7,267,0,0
"matrix/D","after-select-initialization",29094.2,"LVL-0035","scene","visible",0,0,0,0,"requesting-device",false,1,true,4,5,7,267,0,0
"matrix/D","cinematic.releaseLevel:after",29120.4,"LVL-0035","scene","visible",1,3,0,0,"compiling-pipelines",false,2,true,1,5,7,267,0,0
"matrix/D","after-steady-initialization",30391.6,"LVL-0035","scene","visible",5,6,1,1,"ready",true,2,true,0,5,7,267,0,0
"matrix/D","D-4-LVL-0035:stationary:before",30395.3,"LVL-0035","scene","visible",5,6,1,1,"ready",true,2,true,0,5,7,267,0,0
"matrix/D","D-4-LVL-0035:stationary:after",34396.8,"LVL-0035","scene","visible",15,6,1,1,"ready",true,2,true,0,3,7,267,0,0
"matrix/D","D-4-LVL-0035:walking:before",35129.9,"LVL-0035","scene","visible",40,6,1,1,"ready",true,4,true,0,2,7,267,0,0
"matrix/D","D-4-LVL-0035:walking:after",39135.6,"LVL-0035","scene","visible",47,6,1,1,"ready",true,5,true,0,1,7,267,1,1
"matrix/D","before-menu",39238.5,"LVL-0035","scene","visible",47,6,1,1,"ready",true,5,true,0,1,7,267,1,1
"matrix/D","AtlasAmbientSystem.releaseLevel:after",39239,"LVL-0035","scene","visible",47,6,1,1,"ready",true,3,true,0,0,7,267,0,0
"matrix/D","AtlasChallengeFx.dispose:after",39239.2,"LVL-0035","scene","visible",47,6,1,1,"ready",true,3,true,0,0,7,267,0,0
"matrix/D","AtlasChallengeFx.suspend:after",39239.3,"LVL-0035","scene","visible",47,6,1,1,"ready",true,3,true,0,0,7,267,0,0
"matrix/D","AtlasSceneEffects.dispose:after",39239.3,"LVL-0035","scene","visible",47,6,1,1,"ready",true,2,false,0,0,7,267,0,0
"matrix/D","AtlasVoxelRenderer.dispose:after",39239.5,"LVL-0035","scene","visible",47,6,1,1,"ready",true,2,false,0,0,7,267,0,0
"matrix/D","cinematic.releaseLevel:after",39239.7,"LVL-0035","scene","visible",2,3,0,1,"ready",false,1,false,0,0,7,267,0,0
"matrix/D","AtlasCinematicRenderer.dispose:after",39239.8,"LVL-0035","scene","visible",0,0,0,0,"idle",false,1,false,0,0,7,267,0,0
"matrix/D","AtlasThreeRenderer.dispose:after",39240,"LVL-0035","scene","visible",0,0,0,0,"idle",false,1,false,0,0,7,267,0,0
"matrix/D","AtlasEmissiveGlow.dispose:after",39240,"LVL-0035","scene","visible",0,0,0,0,"idle",false,1,false,0,0,7,267,0,0
"matrix/D","AtlasAssetReadiness.releaseActive:after",39240.2,"LVL-0035","scene","visible",0,0,0,0,"idle",false,1,false,0,0,0,267,0,0
"matrix/D","AtlasChallengeFx.dispose:after",39240.3,"","menu","visible",0,0,0,0,"idle",false,1,false,0,0,0,267,0,0
"matrix/D","AtlasChallengeFx.suspend:after",39241.7,"","menu","visible",0,0,0,0,"idle",false,1,false,0,0,0,267,0,0
"matrix/D","cinematic.releaseLevel:after",39242,"","menu","visible",0,0,0,0,"idle",false,1,false,2,0,0,267,0,0
"matrix/D","after-menu-teardown",39242.3,"","menu","visible",0,0,0,0,"inactive",false,1,false,3,0,0,267,0,0
"matrix/D","before-leave",39558,"","menu","visible",0,0,0,0,"inactive",false,1,false,0,0,0,267,0,0
"matrix/D","AtlasChallengeFx.dispose:after",39558.3,"","loading","visible",0,0,0,0,"inactive",false,1,false,0,0,0,267,0,0
"matrix/D","AtlasChallengeFx.suspend:after",39558.8,"","loading","visible",0,0,0,0,"inactive",false,1,false,0,0,0,267,0,0
"matrix/D","AtlasChallengeFx.dispose:after",39559.2,"","loading","visible",0,0,0,0,"inactive",false,1,false,0,0,0,267,0,0
"matrix/D","AtlasChallengeFx.suspend:after",39559.2,"","loading","visible",0,0,0,0,"inactive",false,1,false,0,0,0,267,0,0
"matrix/D","AtlasSceneEffects.dispose:after",39559.3,"","loading","visible",0,0,0,0,"inactive",false,1,false,0,0,0,267,0,0
"matrix/D","AtlasAmbientSystem.prepareLevel:resolved",39645.3,"","loading","visible",0,0,0,0,"inactive",false,0,false,0,1,7,267,0,0
"matrix/D","AtlasAssetReadiness.activate:after",39645.5,"","loading","visible",0,0,0,0,"inactive",false,0,false,0,1,7,267,0,0
"matrix/D","AtlasChallengeFx.suspend:after",39645.7,"","loading","visible",0,0,0,0,"inactive",false,0,false,0,1,7,267,0,0
"matrix/D","AtlasChallengeFx.suspend:after",39645.9,"","loading","visible",0,0,0,0,"inactive",false,0,false,0,1,7,267,0,0
"matrix/D","AtlasSceneEffects.prepareLevel:after",39646,"","loading","visible",0,0,0,0,"inactive",false,0,false,0,1,7,267,0,0
"matrix/D","cinematic.releaseLevel:after",39652.3,"LVL-0004","scene","visible",0,0,0,0,"inactive",false,1,true,2,3,7,267,0,0
"matrix/D","after-select-before-feature-selection",39666.4,"LVL-0004","scene","visible",0,0,0,0,"compiling-pipelines",false,1,true,1,3,7,267,0,0
"matrix/D","cinematic.releaseLevel:after",39672.9,"LVL-0004","scene","visible",0,0,0,0,"compiling-pipelines",false,1,true,3,3,7,267,0,0
"matrix/D","after-select-initialization",39674.1,"LVL-0004","scene","visible",0,0,0,0,"requesting-device",false,1,true,4,3,7,267,0,0
"matrix/D","cinematic.releaseLevel:after",39711.4,"LVL-0004","scene","visible",1,3,0,0,"compiling-pipelines",false,2,true,1,3,7,267,0,0
"matrix/D","after-steady-initialization",41090.3,"LVL-0004","scene","visible",10,12,2,1,"ready",true,2,true,0,3,7,267,0,0
"matrix/D","D-6-LVL-0004:stationary:before",41094.5,"LVL-0004","scene","visible",10,12,2,1,"ready",true,2,true,0,3,7,267,0,0
"matrix/D","D-6-LVL-0004:stationary:after",45100.9,"LVL-0004","scene","visible",23,12,2,1,"ready",true,2,true,0,3,7,267,0,0
"matrix/D","D-6-LVL-0004:walking:before",45842.1,"LVL-0004","scene","visible",47,12,2,1,"ready",true,4,true,0,2,7,267,0,0
"matrix/D","D-6-LVL-0004:walking:after",49843.7,"LVL-0004","scene","visible",53,13,2,1,"ready",true,4,true,0,2,7,267,0,0
"matrix/D","before-menu",50012.2,"LVL-0004","scene","visible",53,13,2,1,"ready",true,4,true,0,2,7,267,0,0
"matrix/D","AtlasAmbientSystem.releaseLevel:after",50012.7,"LVL-0004","scene","visible",53,13,2,1,"ready",true,3,true,0,2,7,267,0,0
"matrix/D","AtlasChallengeFx.dispose:after",50013,"LVL-0004","scene","visible",53,13,2,1,"ready",true,3,true,0,2,7,267,0,0
"matrix/D","AtlasChallengeFx.suspend:after",50013.2,"LVL-0004","scene","visible",53,13,2,1,"ready",true,3,true,0,2,7,267,0,0
"matrix/D","AtlasSceneEffects.dispose:after",50013.3,"LVL-0004","scene","visible",53,13,2,1,"ready",true,2,false,0,2,7,267,0,0
"matrix/D","AtlasVoxelRenderer.dispose:after",50013.4,"LVL-0004","scene","visible",53,13,2,1,"ready",true,2,false,0,2,7,267,0,0
"matrix/D","cinematic.releaseLevel:after",50013.7,"LVL-0004","scene","visible",2,3,0,1,"ready",false,1,false,0,2,7,267,0,0
"matrix/D","AtlasCinematicRenderer.dispose:after",50013.9,"LVL-0004","scene","visible",0,0,0,0,"idle",false,1,false,0,2,7,267,0,0
"matrix/D","AtlasThreeRenderer.dispose:after",50014.4,"LVL-0004","scene","visible",0,0,0,0,"idle",false,1,false,0,2,7,267,0,0
"matrix/D","AtlasEmissiveGlow.dispose:after",50014.6,"LVL-0004","scene","visible",0,0,0,0,"idle",false,1,false,0,2,7,267,0,0
"matrix/D","AtlasAssetReadiness.releaseActive:after",50014.7,"LVL-0004","scene","visible",0,0,0,0,"idle",false,1,false,0,0,0,267,0,0
"matrix/D","AtlasChallengeFx.dispose:after",50014.9,"","menu","visible",0,0,0,0,"idle",false,1,false,0,0,0,267,0,0
"matrix/D","AtlasChallengeFx.suspend:after",50016.7,"","menu","visible",0,0,0,0,"idle",false,1,false,0,0,0,267,0,0
"matrix/D","cinematic.releaseLevel:after",50017.1,"","menu","visible",0,0,0,0,"idle",false,1,false,2,0,0,267,0,0
"matrix/D","after-menu-teardown",50017.5,"","menu","visible",0,0,0,0,"inactive",false,1,false,3,0,0,267,0,0
"matrix/D","before-leave",50334.6,"","menu","visible",0,0,0,0,"inactive",false,1,false,0,0,0,267,0,0
"matrix/D","AtlasChallengeFx.dispose:after",50335.2,"","loading","visible",0,0,0,0,"inactive",false,1,false,0,0,0,267,0,0
"matrix/D","AtlasChallengeFx.suspend:after",50335.6,"","loading","visible",0,0,0,0,"inactive",false,1,false,0,0,0,267,0,0
"matrix/D","AtlasChallengeFx.dispose:after",50336,"","loading","visible",0,0,0,0,"inactive",false,1,false,0,0,0,267,0,0
"matrix/D","AtlasChallengeFx.suspend:after",50336.1,"","loading","visible",0,0,0,0,"inactive",false,1,false,0,0,0,267,0,0
"matrix/D","AtlasSceneEffects.dispose:after",50336.3,"","loading","visible",0,0,0,0,"inactive",false,1,false,0,0,0,267,0,0
"matrix/D","AtlasAmbientSystem.prepareLevel:resolved",50787.7,"","loading","visible",0,0,0,0,"inactive",false,0,false,0,2,163,267,0,0
"matrix/D","AtlasAssetReadiness.activate:after",50788.1,"","loading","visible",0,0,0,0,"inactive",false,0,false,0,2,163,267,0,0
"matrix/D","AtlasChallengeFx.suspend:after",50788.2,"","loading","visible",0,0,0,0,"inactive",false,0,false,0,2,163,267,0,0
"matrix/D","AtlasChallengeFx.suspend:after",50788.6,"","loading","visible",0,0,0,0,"inactive",false,0,false,0,2,163,267,0,0
"matrix/D","AtlasSceneEffects.prepareLevel:after",50788.7,"","loading","visible",0,0,0,0,"inactive",false,0,false,0,2,163,267,0,0
"matrix/D","cinematic.releaseLevel:after",50796,"LVL-0001","scene","visible",0,0,0,0,"inactive",false,2,true,2,3,163,267,0,0
"matrix/D","after-select-before-feature-selection",50807.2,"LVL-0001","scene","visible",0,0,0,0,"compiling-pipelines",false,2,true,1,3,163,267,0,0
"matrix/D","cinematic.releaseLevel:after",50813.5,"LVL-0001","scene","visible",0,0,0,0,"compiling-pipelines",false,2,true,3,3,163,267,0,0
"matrix/D","after-select-initialization",50815,"LVL-0001","scene","visible",0,0,0,0,"requesting-device",false,2,true,4,3,163,267,0,0
"matrix/D","cinematic.releaseLevel:after",50853.1,"LVL-0001","scene","visible",1,3,0,0,"compiling-pipelines",false,3,true,1,3,163,267,0,0
"matrix/D","after-steady-initialization",52126.9,"LVL-0001","scene","visible",10,12,2,1,"ready",true,3,true,0,3,163,267,0,0
"matrix/D","D-8-LVL-0001:stationary:before",52131.3,"LVL-0001","scene","visible",10,12,2,1,"ready",true,3,true,0,3,163,267,0,0
"matrix/D","D-8-LVL-0001:stationary:after",56135.2,"LVL-0001","scene","visible",23,12,2,1,"ready",true,4,true,0,1,163,267,0,0
"matrix/D","D-8-LVL-0001:walking:before",56873.2,"LVL-0001","scene","visible",47,12,2,1,"ready",true,5,true,0,1,163,267,0,0
"matrix/D","D-8-LVL-0001:walking:after",60876.8,"LVL-0001","scene","visible",55,13,2,1,"ready",true,5,true,0,1,163,267,0,0
"matrix/D","before-final-menu",61048.9,"LVL-0001","scene","visible",55,13,2,1,"ready",true,5,true,0,1,163,267,0,0
"matrix/D","AtlasAmbientSystem.releaseLevel:after",61049.4,"LVL-0001","scene","visible",55,13,2,1,"ready",true,4,true,0,1,163,267,0,0
"matrix/D","AtlasChallengeFx.dispose:after",61049.7,"LVL-0001","scene","visible",55,13,2,1,"ready",true,4,true,0,1,163,267,0,0
"matrix/D","AtlasChallengeFx.suspend:after",61049.9,"LVL-0001","scene","visible",55,13,2,1,"ready",true,4,true,0,1,163,267,0,0
"matrix/D","AtlasSceneEffects.dispose:after",61050.1,"LVL-0001","scene","visible",55,13,2,1,"ready",true,3,false,0,1,163,267,0,0
"matrix/D","AtlasVoxelRenderer.dispose:after",61050.4,"LVL-0001","scene","visible",55,13,2,1,"ready",true,3,false,0,1,163,267,0,0
"matrix/D","cinematic.releaseLevel:after",61050.6,"LVL-0001","scene","visible",2,3,0,1,"ready",false,2,false,0,1,163,267,0,0
"matrix/D","AtlasCinematicRenderer.dispose:after",61050.8,"LVL-0001","scene","visible",0,0,0,0,"idle",false,2,false,0,1,163,267,0,0
"matrix/D","AtlasThreeRenderer.dispose:after",61051.5,"LVL-0001","scene","visible",0,0,0,0,"idle",false,2,false,0,1,163,267,0,0
"matrix/D","AtlasEmissiveGlow.dispose:after",61051.9,"LVL-0001","scene","visible",0,0,0,0,"idle",false,2,false,0,1,163,267,0,0
"matrix/D","AtlasAssetReadiness.releaseActive:after",61052.1,"LVL-0001","scene","visible",0,0,0,0,"idle",false,2,false,0,0,0,267,0,0
"matrix/D","AtlasChallengeFx.dispose:after",61052.4,"","menu","visible",0,0,0,0,"idle",false,2,false,0,0,0,267,0,0
"matrix/D","AtlasChallengeFx.suspend:after",61054.3,"","menu","visible",0,0,0,0,"idle",false,1,false,0,0,0,267,0,0
"matrix/D","cinematic.releaseLevel:after",61054.7,"","menu","visible",0,0,0,0,"idle",false,1,false,2,0,0,267,0,0
"matrix/D","final-menu",61055,"","menu","visible",0,0,0,0,"inactive",false,1,false,3,0,0,267,0,0
"matrix/D","menu-settled",63563.2,"","menu","visible",0,0,0,0,"inactive",false,1,false,0,0,0,267,0,0
"matrix/E","diagnostics-installed",7.5,"","","visible",0,0,0,0,"","",0,"",0,0,"","","",""
"matrix/E","pageshow:event",14,"","","visible",0,0,0,0,"","",0,"",0,1,"","","",""
"matrix/E","pageshow:settled",21.9,"","","visible",0,0,0,0,"","",0,"",0,1,"","","",""
"matrix/E","AtlasChallengeFx.dispose:after",5996.6,"","menu","visible",0,0,0,0,"idle",false,1,false,0,0,0,0,0,0
"matrix/E","AtlasChallengeFx.suspend:after",6002.1,"","menu","visible",0,0,0,0,"idle",false,1,false,0,0,0,0,0,0
"matrix/E","cinematic.releaseLevel:after",6003,"","menu","visible",0,0,0,0,"idle",false,1,false,2,0,0,0,0,0
"matrix/E","cinematic.releaseLevel:after",6003.3,"","menu","visible",0,0,0,0,"idle",false,1,false,2,0,0,0,0,0
"matrix/E","before-leave",6322.4,"","menu","visible",0,0,0,0,"inactive",false,0,false,0,0,0,0,0,0
"matrix/E","AtlasChallengeFx.dispose:after",6323.6,"","loading","visible",0,0,0,0,"inactive",false,0,false,0,0,0,0,0,0
"matrix/E","AtlasChallengeFx.suspend:after",6324.2,"","loading","visible",0,0,0,0,"inactive",false,0,false,0,0,0,0,0,0
"matrix/E","AtlasChallengeFx.dispose:after",6325.2,"","loading","visible",0,0,0,0,"inactive",false,0,false,0,1,0,0,0,0
"matrix/E","AtlasChallengeFx.suspend:after",6325.4,"","loading","visible",0,0,0,0,"inactive",false,0,false,0,1,0,0,0,0
"matrix/E","AtlasSceneEffects.dispose:after",6325.5,"","loading","visible",0,0,0,0,"inactive",false,0,false,0,1,0,0,0,0
"matrix/E","AtlasAmbientSystem.prepareLevel:resolved",6691.8,"","loading","visible",0,0,0,0,"inactive",false,0,false,0,2,7,143,0,0
"matrix/E","AtlasAssetReadiness.activate:after",6692.2,"","loading","visible",0,0,0,0,"inactive",false,0,false,0,2,7,143,0,0
"matrix/E","AtlasChallengeFx.suspend:after",6692.3,"","loading","visible",0,0,0,0,"inactive",false,0,false,0,2,7,143,0,0
"matrix/E","AtlasChallengeFx.suspend:after",6692.8,"","loading","visible",0,0,0,0,"inactive",false,0,false,0,2,7,143,0,0
"matrix/E","AtlasSceneEffects.prepareLevel:after",6693,"","loading","visible",0,0,0,0,"inactive",false,0,false,0,2,7,143,0,0
"matrix/E","cinematic.releaseLevel:after",6718.5,"LVL-0004","scene","visible",0,0,0,0,"inactive",false,1,true,2,4,7,143,0,0
"matrix/E","after-select-before-feature-selection",6893.6,"LVL-0004","scene","visible",0,0,0,0,"requesting-device",false,1,true,1,5,7,143,0,0
"matrix/E","cinematic.releaseLevel:after",6903.3,"LVL-0004","scene","visible",0,0,0,0,"requesting-device",false,1,true,3,5,7,143,0,0
"matrix/E","after-select-initialization",6904.6,"LVL-0004","scene","visible",0,0,0,0,"requesting-device",false,1,true,4,5,7,143,0,0
"matrix/E","cinematic.releaseLevel:after",7500,"LVL-0004","scene","visible",1,3,0,0,"compiling-pipelines",false,2,true,1,4,7,143,0,0
"matrix/E","after-steady-initialization",8808.5,"LVL-0004","scene","visible",5,6,1,1,"ready",true,2,true,0,3,7,143,0,0
"matrix/E","E-0-LVL-0004:off:stationary:before",8814.1,"LVL-0004","scene","visible",5,6,1,1,"ready",true,2,true,0,3,7,143,0,0
"matrix/E","E-0-LVL-0004:off:stationary:after",12817.4,"LVL-0004","scene","visible",18,6,1,1,"ready",true,2,true,0,3,7,143,0,0
"matrix/E","E-0-LVL-0004:off:walking:before",13568.6,"LVL-0004","scene","visible",43,6,1,1,"ready",true,4,true,0,2,7,143,0,0
"matrix/E","E-0-LVL-0004:off:walking:after",17578.1,"LVL-0004","scene","visible",47,6,1,1,"ready",true,4,true,0,2,7,143,0,0
"matrix/E","before-leave",17655.5,"LVL-0004","scene","visible",47,6,1,1,"ready",true,4,true,0,2,7,143,0,0
"matrix/E","cinematic.releaseLevel:after",18080.5,"LVL-0001","scene","visible",2,3,0,1,"ready",false,2,true,2,3,163,143,0,0
"matrix/E","after-select-before-feature-selection",18095.8,"LVL-0001","scene","visible",1,0,0,1,"compiling-pipelines",false,2,true,1,3,163,143,0,0
"matrix/E","cinematic.releaseLevel:after",18101.4,"LVL-0001","scene","visible",1,0,0,1,"compiling-pipelines",false,2,true,3,3,163,143,0,0
"matrix/E","after-select-initialization",18103.1,"LVL-0001","scene","visible",1,0,0,1,"requesting-device",false,2,true,4,3,163,143,0,0
"matrix/E","cinematic.releaseLevel:after",18360.5,"LVL-0001","scene","visible",2,3,0,1,"compiling-pipelines",false,3,true,1,3,163,143,0,0
"matrix/E","after-steady-initialization",19732.4,"LVL-0001","scene","visible",11,12,2,2,"ready",true,3,true,0,3,163,143,0,0
"matrix/E","E-1-LVL-0001:stationary:before",19738,"LVL-0001","scene","visible",11,12,2,2,"ready",true,3,true,0,3,163,143,0,0
"matrix/E","E-1-LVL-0001:stationary:after",23740.6,"LVL-0001","scene","visible",24,12,2,2,"ready",true,4,true,0,1,163,143,0,0
"matrix/E","E-1-LVL-0001:walking:before",24478.5,"LVL-0001","scene","visible",48,12,2,2,"ready",true,5,true,0,1,163,143,0,0
"matrix/E","E-1-LVL-0001:walking:after",28479.9,"LVL-0001","scene","visible",64,13,2,2,"ready",true,5,true,0,1,163,143,0,0
"matrix/E","before-final-menu",28565.1,"LVL-0001","scene","visible",64,13,2,2,"ready",true,5,true,0,1,163,143,0,0
"matrix/E","AtlasAmbientSystem.releaseLevel:after",28565.5,"LVL-0001","scene","visible",64,13,2,2,"ready",true,4,true,0,1,163,143,0,0
"matrix/E","AtlasChallengeFx.dispose:after",28565.7,"LVL-0001","scene","visible",64,13,2,2,"ready",true,4,true,0,1,163,143,0,0
"matrix/E","AtlasChallengeFx.suspend:after",28565.9,"LVL-0001","scene","visible",64,13,2,2,"ready",true,4,true,0,1,163,143,0,0
"matrix/E","AtlasSceneEffects.dispose:after",28566.1,"LVL-0001","scene","visible",64,13,2,2,"ready",true,3,false,0,1,163,143,0,0
"matrix/E","AtlasVoxelRenderer.dispose:after",28566.3,"LVL-0001","scene","visible",64,13,2,2,"ready",true,3,false,0,1,163,143,0,0
"matrix/E","cinematic.releaseLevel:after",28566.6,"LVL-0001","scene","visible",3,3,0,2,"ready",false,2,false,0,1,163,143,0,0
"matrix/E","AtlasCinematicRenderer.dispose:after",28566.8,"LVL-0001","scene","visible",0,0,0,0,"idle",false,2,false,0,1,163,143,0,0
"matrix/E","AtlasThreeRenderer.dispose:after",28567.4,"LVL-0001","scene","visible",0,0,0,0,"idle",false,2,false,0,1,163,143,0,0
"matrix/E","AtlasEmissiveGlow.dispose:after",28567.6,"LVL-0001","scene","visible",0,0,0,0,"idle",false,2,false,0,1,163,143,0,0
"matrix/E","AtlasAssetReadiness.releaseActive:after",28567.9,"LVL-0001","scene","visible",0,0,0,0,"idle",false,2,false,0,0,0,143,0,0
"matrix/E","AtlasChallengeFx.dispose:after",28568.2,"","menu","visible",0,0,0,0,"idle",false,2,false,0,0,0,143,0,0
"matrix/E","AtlasChallengeFx.suspend:after",28570.4,"","menu","visible",0,0,0,0,"idle",false,1,false,0,0,0,143,0,0
"matrix/E","cinematic.releaseLevel:after",28570.6,"","menu","visible",0,0,0,0,"idle",false,1,false,2,0,0,143,0,0
"matrix/E","final-menu",28571.1,"","menu","visible",0,0,0,0,"inactive",false,1,false,3,0,0,143,0,0
"matrix/E","menu-settled",31093.7,"","menu","visible",0,0,0,0,"inactive",false,0,false,0,1,0,143,0,0
"lifecycle/lifecycle","diagnostics-installed",8.6,"","","visible",0,0,0,0,"","",0,"",0,0,"","","",""
"lifecycle/lifecycle","pageshow:event",16.8,"","","visible",0,0,0,0,"","",0,"",0,1,"","","",""
"lifecycle/lifecycle","pageshow:settled",21.6,"","","visible",0,0,0,0,"","",0,"",0,1,"","","",""
"lifecycle/lifecycle","AtlasChallengeFx.dispose:after",6030.2,"","menu","visible",0,0,0,0,"idle",false,1,false,0,0,0,0,0,0
"lifecycle/lifecycle","AtlasChallengeFx.suspend:after",6035.5,"","menu","visible",0,0,0,0,"idle",false,1,false,0,0,0,0,0,0
"lifecycle/lifecycle","cinematic.releaseLevel:after",6036.3,"","menu","visible",0,0,0,0,"idle",false,1,false,2,0,0,0,0,0
"lifecycle/lifecycle","cinematic.releaseLevel:after",6036.7,"","menu","visible",0,0,0,0,"idle",false,1,false,2,0,0,0,0,0
"lifecycle/lifecycle","before-leave",6441.7,"","menu","visible",0,0,0,0,"inactive",false,0,false,0,0,0,0,0,0
"lifecycle/lifecycle","AtlasChallengeFx.dispose:after",6442.6,"","loading","visible",0,0,0,0,"inactive",false,0,false,0,0,0,0,0,0
"lifecycle/lifecycle","AtlasChallengeFx.suspend:after",6443.3,"","loading","visible",0,0,0,0,"inactive",false,0,false,0,0,0,0,0,0
"lifecycle/lifecycle","AtlasChallengeFx.dispose:after",6444.3,"","loading","visible",0,0,0,0,"inactive",false,0,false,0,1,0,0,0,0
"lifecycle/lifecycle","AtlasChallengeFx.suspend:after",6444.4,"","loading","visible",0,0,0,0,"inactive",false,0,false,0,1,0,0,0,0
"lifecycle/lifecycle","AtlasSceneEffects.dispose:after",6444.6,"","loading","visible",0,0,0,0,"inactive",false,0,false,0,1,0,0,0,0
"lifecycle/lifecycle","AtlasAmbientSystem.prepareLevel:resolved",7148.5,"","loading","visible",0,0,0,0,"inactive",false,0,false,0,2,163,143,0,0
"lifecycle/lifecycle","AtlasAssetReadiness.activate:after",7148.8,"","loading","visible",0,0,0,0,"inactive",false,0,false,0,2,163,143,0,0
"lifecycle/lifecycle","AtlasChallengeFx.suspend:after",7148.9,"","loading","visible",0,0,0,0,"inactive",false,0,false,0,2,163,143,0,0
"lifecycle/lifecycle","AtlasChallengeFx.suspend:after",7149.6,"","loading","visible",0,0,0,0,"inactive",false,0,false,0,2,163,143,0,0
"lifecycle/lifecycle","AtlasSceneEffects.prepareLevel:after",7149.7,"","loading","visible",0,0,0,0,"inactive",false,0,false,0,2,163,143,0,0
"lifecycle/lifecycle","cinematic.releaseLevel:after",7171.8,"LVL-0001","scene","visible",0,0,0,0,"inactive",false,2,true,2,3,163,143,0,0
"lifecycle/lifecycle","after-select-before-feature-selection",7343,"LVL-0001","scene","visible",0,0,0,0,"requesting-device",false,2,true,1,4,163,143,0,0
"lifecycle/lifecycle","cinematic.releaseLevel:after",7352.4,"LVL-0001","scene","visible",0,0,0,0,"requesting-device",false,2,true,3,4,163,143,0,0
"lifecycle/lifecycle","after-select-initialization",7354.7,"LVL-0001","scene","visible",0,0,0,0,"requesting-device",false,2,true,4,4,163,143,0,0
"lifecycle/lifecycle","cinematic.releaseLevel:after",7930.2,"LVL-0001","scene","visible",1,3,0,0,"compiling-pipelines",false,3,true,1,3,163,143,0,0
"lifecycle/lifecycle","after-steady-initialization",9277.2,"LVL-0001","scene","visible",23,12,2,1,"ready",true,3,true,0,2,163,143,0,0
"lifecycle/lifecycle","cold:stationary:before",9289.2,"LVL-0001","scene","visible",23,12,2,1,"ready",true,3,true,0,2,163,143,0,0
"lifecycle/lifecycle","cold:stationary:after",13292.2,"LVL-0001","scene","visible",24,12,2,1,"ready",true,3,true,0,2,163,143,0,0
"lifecycle/lifecycle","cold:walking:before",14056.7,"LVL-0001","scene","visible",48,12,2,1,"ready",true,5,true,0,1,163,143,0,0
"lifecycle/lifecycle","cold:walking:after",18063.2,"LVL-0001","scene","visible",64,13,2,1,"ready",true,5,true,0,1,163,143,0,0
"lifecycle/lifecycle","before-background",18176.9,"LVL-0001","scene","visible",65,13,2,1,"ready",true,4,true,0,1,163,143,0,0
"lifecycle/lifecycle","after-resume-initialization",21536.7,"LVL-0001","scene","visible",81,13,2,1,"ready",true,4,true,0,1,163,143,0,0
"lifecycle/lifecycle","resume-3:stationary:before",22872.3,"LVL-0001","scene","visible",93,13,2,1,"ready",true,3,true,0,2,163,143,0,0
"lifecycle/lifecycle","resume-3:stationary:after",26874.3,"LVL-0001","scene","visible",93,13,2,1,"ready",true,3,true,0,2,163,143,0,0
"lifecycle/lifecycle","resume-3:walking:before",27629.4,"LVL-0001","scene","visible",93,13,2,1,"ready",true,5,true,0,1,163,143,0,0
"lifecycle/lifecycle","resume-3:walking:after",31631.4,"LVL-0001","scene","visible",93,13,2,1,"ready",true,5,true,0,1,163,143,0,0
"lifecycle/lifecycle","before-background",31721.6,"LVL-0001","scene","visible",93,13,2,1,"ready",true,4,true,0,1,163,143,0,0
"lifecycle/lifecycle","after-resume-initialization",62077.5,"LVL-0001","scene","visible",20,13,2,1,"ready",true,3,true,0,2,163,143,0,0
"lifecycle/lifecycle","resume-30:stationary:before",63409.2,"LVL-0001","scene","visible",32,13,2,1,"ready",true,3,true,0,2,163,143,0,0
"lifecycle/lifecycle","resume-30:stationary:after",67413.6,"LVL-0001","scene","visible",43,13,2,1,"ready",true,4,true,0,1,163,143,0,0
"lifecycle/lifecycle","resume-30:walking:before",68175.8,"LVL-0001","scene","visible",68,13,2,1,"ready",true,5,true,0,1,163,143,0,0
"lifecycle/lifecycle","resume-30:walking:after",72189.1,"LVL-0001","scene","visible",73,13,2,1,"ready",true,5,true,0,1,163,143,0,0
"lifecycle/lifecycle","before-menu",72274.6,"LVL-0001","scene","visible",73,13,2,1,"ready",true,5,true,0,1,163,143,0,0
"lifecycle/lifecycle","AtlasAmbientSystem.releaseLevel:after",72275,"LVL-0001","scene","visible",73,13,2,1,"ready",true,4,true,0,1,163,143,0,0
"lifecycle/lifecycle","AtlasChallengeFx.dispose:after",72275.3,"LVL-0001","scene","visible",73,13,2,1,"ready",true,4,true,0,1,163,143,0,0
"lifecycle/lifecycle","AtlasChallengeFx.suspend:after",72275.5,"LVL-0001","scene","visible",73,13,2,1,"ready",true,4,true,0,1,163,143,0,0
"lifecycle/lifecycle","AtlasSceneEffects.dispose:after",72275.7,"LVL-0001","scene","visible",73,13,2,1,"ready",true,3,false,0,1,163,143,0,0
"lifecycle/lifecycle","AtlasVoxelRenderer.dispose:after",72276,"LVL-0001","scene","visible",73,13,2,1,"ready",true,3,false,0,1,163,143,0,0
"lifecycle/lifecycle","cinematic.releaseLevel:after",72276.3,"LVL-0001","scene","visible",2,3,0,1,"ready",false,2,false,0,1,163,143,0,0
"lifecycle/lifecycle","AtlasCinematicRenderer.dispose:after",72276.6,"LVL-0001","scene","visible",0,0,0,0,"idle",false,2,false,0,1,163,143,0,0
"lifecycle/lifecycle","AtlasThreeRenderer.dispose:after",72277.3,"LVL-0001","scene","visible",0,0,0,0,"idle",false,2,false,0,1,163,143,0,0
"lifecycle/lifecycle","AtlasEmissiveGlow.dispose:after",72277.5,"LVL-0001","scene","visible",0,0,0,0,"idle",false,2,false,0,1,163,143,0,0
"lifecycle/lifecycle","AtlasAssetReadiness.releaseActive:after",72277.6,"LVL-0001","scene","visible",0,0,0,0,"idle",false,2,false,0,0,0,143,0,0
"lifecycle/lifecycle","AtlasChallengeFx.dispose:after",72277.8,"","menu","visible",0,0,0,0,"idle",false,2,false,0,0,0,143,0,0
"lifecycle/lifecycle","AtlasChallengeFx.suspend:after",72279.1,"","menu","visible",0,0,0,0,"idle",false,1,false,0,0,0,143,0,0
"lifecycle/lifecycle","cinematic.releaseLevel:after",72279.4,"","menu","visible",0,0,0,0,"idle",false,1,false,2,0,0,143,0,0
"lifecycle/lifecycle","after-menu-teardown",72279.7,"","menu","visible",0,0,0,0,"inactive",false,1,false,3,0,0,143,0,0
"lifecycle/lifecycle","before-leave",72285.8,"","menu","visible",0,0,0,0,"inactive",false,1,false,0,0,0,143,0,0
"lifecycle/lifecycle","AtlasChallengeFx.dispose:after",72286.1,"","loading","visible",0,0,0,0,"inactive",false,1,false,0,0,0,143,0,0
"lifecycle/lifecycle","AtlasChallengeFx.suspend:after",72286.4,"","loading","visible",0,0,0,0,"inactive",false,1,false,0,0,0,143,0,0
"lifecycle/lifecycle","AtlasChallengeFx.dispose:after",72286.8,"","loading","visible",0,0,0,0,"inactive",false,1,false,0,0,0,143,0,0
"lifecycle/lifecycle","AtlasChallengeFx.suspend:after",72286.9,"","loading","visible",0,0,0,0,"inactive",false,1,false,0,0,0,143,0,0
"lifecycle/lifecycle","AtlasSceneEffects.dispose:after",72287,"","loading","visible",0,0,0,0,"inactive",false,1,false,0,0,0,143,0,0
"lifecycle/lifecycle","AtlasAmbientSystem.prepareLevel:resolved",72748.7,"","loading","visible",0,0,0,0,"inactive",false,1,false,0,1,78,267,0,0
"lifecycle/lifecycle","AtlasAssetReadiness.activate:after",72749.1,"","loading","visible",0,0,0,0,"inactive",false,1,false,0,1,78,267,0,0
"lifecycle/lifecycle","AtlasChallengeFx.suspend:after",72749.3,"","loading","visible",0,0,0,0,"inactive",false,1,false,0,1,78,267,0,0
"lifecycle/lifecycle","AtlasChallengeFx.suspend:after",72749.6,"","loading","visible",0,0,0,0,"inactive",false,1,false,0,1,78,267,0,0
"lifecycle/lifecycle","AtlasSceneEffects.prepareLevel:after",72750,"","loading","visible",0,0,0,0,"inactive",false,1,false,0,1,78,267,0,0
"lifecycle/lifecycle","cinematic.releaseLevel:after",72756,"LVL-0034","scene","visible",0,0,0,0,"inactive",false,1,true,2,3,78,267,0,0
"lifecycle/lifecycle","after-select-before-feature-selection",72757,"LVL-0034","scene","visible",0,0,0,0,"compiling-pipelines",false,1,true,1,3,78,267,0,0
"lifecycle/lifecycle","cinematic.releaseLevel:after",72761.1,"LVL-0034","scene","visible",0,0,0,0,"compiling-pipelines",false,1,true,3,3,78,267,0,0
"lifecycle/lifecycle","after-select-initialization",72762.4,"LVL-0034","scene","visible",0,0,0,0,"requesting-device",false,1,true,4,3,78,267,0,0
"lifecycle/lifecycle","cinematic.releaseLevel:after",72778.4,"LVL-0034","scene","visible",1,3,0,0,"compiling-pipelines",false,2,true,1,3,78,267,0,0
"lifecycle/lifecycle","after-steady-initialization",74058.5,"LVL-0034","scene","visible",5,6,1,1,"ready",true,2,true,0,3,78,267,0,0
"lifecycle/lifecycle","menu-riven:stationary:before",74062.4,"LVL-0034","scene","visible",5,6,1,1,"ready",true,2,true,0,3,78,267,0,0
"lifecycle/lifecycle","menu-riven:stationary:after",78066.6,"LVL-0034","scene","visible",15,6,1,1,"ready",true,2,true,0,2,78,267,0,0
"lifecycle/lifecycle","menu-riven:walking:before",78795.7,"LVL-0034","scene","visible",40,6,1,1,"ready",true,4,true,0,1,78,267,0,0
"lifecycle/lifecycle","menu-riven:walking:after",82799.2,"LVL-0034","scene","visible",47,6,1,1,"ready",true,5,true,0,0,78,267,1,0
"lifecycle/lifecycle","AtlasAmbientSystem.releaseLevel:after",83015,"LVL-0034","scene","visible",47,6,1,1,"ready",true,3,true,0,0,78,267,0,0
"lifecycle/lifecycle","AtlasChallengeFx.dispose:after",83015.5,"LVL-0034","scene","visible",47,6,1,1,"ready",true,3,true,0,0,78,267,0,0
"lifecycle/lifecycle","AtlasChallengeFx.suspend:after",83015.7,"LVL-0034","scene","visible",47,6,1,1,"ready",true,3,true,0,0,78,267,0,0
"lifecycle/lifecycle","AtlasSceneEffects.dispose:after",83015.7,"LVL-0034","scene","visible",47,6,1,1,"ready",true,2,false,0,0,78,267,0,0
"lifecycle/lifecycle","AtlasVoxelRenderer.dispose:after",83015.8,"LVL-0034","scene","visible",47,6,1,1,"ready",true,2,false,0,0,78,267,0,0
"lifecycle/lifecycle","cinematic.releaseLevel:after",83016.1,"LVL-0034","scene","visible",2,3,0,1,"ready",false,1,false,0,0,78,267,0,0
"lifecycle/lifecycle","AtlasCinematicRenderer.dispose:after",83016.3,"LVL-0034","scene","visible",0,0,0,0,"idle",false,1,false,0,0,78,267,0,0
"lifecycle/lifecycle","AtlasThreeRenderer.dispose:after",83016.4,"LVL-0034","scene","visible",0,0,0,0,"idle",false,1,false,0,0,78,267,0,0
"lifecycle/lifecycle","AtlasEmissiveGlow.dispose:after",83016.5,"LVL-0034","scene","visible",0,0,0,0,"idle",false,1,false,0,0,78,267,0,0
"lifecycle/lifecycle","AtlasAssetReadiness.releaseActive:after",83016.7,"LVL-0034","scene","visible",0,0,0,0,"idle",false,1,false,0,0,0,267,0,0
"lifecycle/lifecycle","AtlasChallengeFx.dispose:after",83016.8,"","menu","visible",0,0,0,0,"idle",false,1,false,0,0,0,267,0,0
"lifecycle/lifecycle","AtlasChallengeFx.suspend:after",83018,"","menu","visible",0,0,0,0,"idle",false,1,false,0,0,0,267,0,0
"lifecycle/lifecycle","cinematic.releaseLevel:after",83018.3,"","menu","visible",0,0,0,0,"idle",false,1,false,2,0,0,267,0,0
"lifecycle/lifecycle","before-leave",83022.8,"","menu","visible",0,0,0,0,"inactive",false,1,false,0,0,0,267,0,0
"lifecycle/lifecycle","AtlasChallengeFx.dispose:after",83023,"","loading","visible",0,0,0,0,"inactive",false,1,false,0,0,0,267,0,0
"lifecycle/lifecycle","AtlasChallengeFx.suspend:after",83023.3,"","loading","visible",0,0,0,0,"inactive",false,1,false,0,0,0,267,0,0
"lifecycle/lifecycle","AtlasChallengeFx.dispose:after",83023.7,"","loading","visible",0,0,0,0,"inactive",false,1,false,0,0,0,267,0,0
"lifecycle/lifecycle","AtlasChallengeFx.suspend:after",83023.7,"","loading","visible",0,0,0,0,"inactive",false,1,false,0,0,0,267,0,0
"lifecycle/lifecycle","AtlasSceneEffects.dispose:after",83023.9,"","loading","visible",0,0,0,0,"inactive",false,1,false,0,0,0,267,0,0
"lifecycle/lifecycle","AtlasAmbientSystem.prepareLevel:resolved",83482,"","loading","visible",0,0,0,0,"inactive",false,0,false,0,1,163,267,0,0
"lifecycle/lifecycle","AtlasAssetReadiness.activate:after",83482.3,"","loading","visible",0,0,0,0,"inactive",false,0,false,0,1,163,267,0,0
"lifecycle/lifecycle","AtlasChallengeFx.suspend:after",83482.4,"","loading","visible",0,0,0,0,"inactive",false,0,false,0,1,163,267,0,0
"lifecycle/lifecycle","AtlasChallengeFx.suspend:after",83482.5,"","loading","visible",0,0,0,0,"inactive",false,0,false,0,1,163,267,0,0
"lifecycle/lifecycle","AtlasSceneEffects.prepareLevel:after",83482.7,"","loading","visible",0,0,0,0,"inactive",false,0,false,0,1,163,267,0,0
"lifecycle/lifecycle","cinematic.releaseLevel:after",83489,"LVL-0001","scene","visible",0,0,0,0,"inactive",false,2,true,2,2,163,267,0,0
"lifecycle/lifecycle","after-select-before-feature-selection",83500.5,"LVL-0001","scene","visible",0,0,0,0,"compiling-pipelines",false,2,true,1,2,163,267,0,0
"lifecycle/lifecycle","cinematic.releaseLevel:after",83505.9,"LVL-0001","scene","visible",0,0,0,0,"compiling-pipelines",false,2,true,3,2,163,267,0,0
"lifecycle/lifecycle","after-select-initialization",83506.9,"LVL-0001","scene","visible",0,0,0,0,"requesting-device",false,2,true,4,2,163,267,0,0
"lifecycle/lifecycle","cinematic.releaseLevel:after",83574.1,"LVL-0001","scene","visible",1,3,0,0,"compiling-pipelines",false,3,true,1,2,163,267,0,0
"lifecycle/lifecycle","after-steady-initialization",84995.2,"LVL-0001","scene","visible",10,12,2,1,"ready",true,3,true,0,2,163,267,0,0
"lifecycle/lifecycle","menu-rune:stationary:before",85001,"LVL-0001","scene","visible",10,12,2,1,"ready",true,3,true,0,2,163,267,0,0
"lifecycle/lifecycle","menu-rune:stationary:after",89015.9,"LVL-0001","scene","visible",23,12,2,1,"ready",true,4,true,0,1,163,267,0,0
"lifecycle/lifecycle","menu-rune:walking:before",89778.9,"LVL-0001","scene","visible",48,12,2,1,"ready",true,5,true,0,1,163,267,0,0
"lifecycle/lifecycle","menu-rune:walking:after",93780.4,"LVL-0001","scene","visible",54,13,2,1,"ready",true,5,true,0,1,163,267,0,0
"lifecycle/lifecycle","diagnostics-installed",21.5,"","","visible",0,0,0,0,"","",0,"",0,0,"","","",""
"lifecycle/lifecycle","pageshow:event",47.4,"","","visible",0,0,0,0,"","",0,"",0,1,"","","",""
"lifecycle/lifecycle","pageshow:settled",47.7,"","","visible",0,0,0,0,"","",0,"",0,1,"","","",""
"lifecycle/lifecycle","AtlasChallengeFx.dispose:after",5649.3,"","menu","visible",0,0,0,0,"idle",false,1,false,0,0,0,0,0,0
"lifecycle/lifecycle","AtlasChallengeFx.suspend:after",5650.8,"","menu","visible",0,0,0,0,"idle",false,1,false,0,0,0,0,0,0
"lifecycle/lifecycle","cinematic.releaseLevel:after",5651,"","menu","visible",0,0,0,0,"idle",false,1,false,2,0,0,0,0,0
"lifecycle/lifecycle","cinematic.releaseLevel:after",5651.1,"","menu","visible",0,0,0,0,"idle",false,1,false,2,0,0,0,0,0
"lifecycle/lifecycle","before-leave",5655.1,"","menu","visible",0,0,0,0,"inactive",false,0,false,0,0,0,0,0,0
"lifecycle/lifecycle","AtlasChallengeFx.dispose:after",5655.4,"","loading","visible",0,0,0,0,"inactive",false,0,false,0,0,0,0,0,0
"lifecycle/lifecycle","AtlasChallengeFx.suspend:after",5655.7,"","loading","visible",0,0,0,0,"inactive",false,0,false,0,0,0,0,0,0
"lifecycle/lifecycle","AtlasChallengeFx.dispose:after",5657.7,"","loading","visible",0,0,0,0,"inactive",false,0,false,0,1,0,0,0,0
"lifecycle/lifecycle","AtlasChallengeFx.suspend:after",5657.7,"","loading","visible",0,0,0,0,"inactive",false,0,false,0,1,0,0,0,0
"lifecycle/lifecycle","AtlasSceneEffects.dispose:after",5657.8,"","loading","visible",0,0,0,0,"inactive",false,0,false,0,1,0,0,0,0
"lifecycle/lifecycle","AtlasAmbientSystem.prepareLevel:resolved",6294.1,"","loading","visible",0,0,0,0,"inactive",false,0,false,0,2,163,143,0,0
"lifecycle/lifecycle","AtlasAssetReadiness.activate:after",6294.2,"","loading","visible",0,0,0,0,"inactive",false,0,false,0,2,163,143,0,0
"lifecycle/lifecycle","AtlasChallengeFx.suspend:after",6294.4,"","loading","visible",0,0,0,0,"inactive",false,0,false,0,2,163,143,0,0
"lifecycle/lifecycle","AtlasChallengeFx.suspend:after",6294.6,"","loading","visible",0,0,0,0,"inactive",false,0,false,0,2,163,143,0,0
"lifecycle/lifecycle","AtlasSceneEffects.prepareLevel:after",6294.7,"","loading","visible",0,0,0,0,"inactive",false,0,false,0,2,163,143,0,0
"lifecycle/lifecycle","cinematic.releaseLevel:after",6303.1,"LVL-0001","scene","visible",0,0,0,0,"inactive",false,2,true,2,3,163,143,0,0
"lifecycle/lifecycle","after-select-before-feature-selection",6313.6,"LVL-0001","scene","visible",0,0,0,0,"requesting-device",false,2,true,1,4,163,143,0,0
"lifecycle/lifecycle","cinematic.releaseLevel:after",6319.2,"LVL-0001","scene","visible",0,0,0,0,"requesting-device",false,2,true,3,4,163,143,0,0
"lifecycle/lifecycle","after-select-initialization",6320.5,"LVL-0001","scene","visible",0,0,0,0,"requesting-device",false,2,true,4,4,163,143,0,0
"lifecycle/lifecycle","cinematic.releaseLevel:after",6803.5,"LVL-0001","scene","visible",1,3,0,0,"compiling-pipelines",false,3,true,1,3,163,143,0,0
"lifecycle/lifecycle","after-steady-initialization",8116.5,"LVL-0001","scene","visible",10,12,2,1,"ready",true,4,true,0,1,163,143,0,0
"lifecycle/lifecycle","reload:stationary:before",8125,"LVL-0001","scene","visible",10,12,2,1,"ready",true,4,true,0,1,163,143,0,0
"lifecycle/lifecycle","reload:stationary:after",12134.1,"LVL-0001","scene","visible",23,12,2,1,"ready",true,3,true,0,2,163,143,0,0
"lifecycle/lifecycle","reload:walking:before",12886.1,"LVL-0001","scene","visible",47,12,2,1,"ready",true,5,true,0,1,163,143,0,0
"lifecycle/lifecycle","reload:walking:after",16889.7,"LVL-0001","scene","visible",63,13,2,1,"ready",true,5,true,0,1,163,143,0,0
"lifecycle/lifecycle","diagnostics-installed",8.8,"","","visible",0,0,0,0,"","",0,"",0,0,"","","",""
"lifecycle/lifecycle","pageshow:event",15.9,"","","visible",0,0,0,0,"","",0,"",0,1,"","","",""
"lifecycle/lifecycle","pageshow:settled",24.5,"","","visible",0,0,0,0,"","",0,"",0,1,"","","",""
"lifecycle/lifecycle","AtlasChallengeFx.dispose:after",5627.1,"","menu","visible",0,0,0,0,"idle",false,1,false,0,0,0,0,0,0
"lifecycle/lifecycle","AtlasChallengeFx.suspend:after",5632.7,"","menu","visible",0,0,0,0,"idle",false,1,false,0,0,0,0,0,0
"lifecycle/lifecycle","cinematic.releaseLevel:after",5633.5,"","menu","visible",0,0,0,0,"idle",false,1,false,2,0,0,0,0,0
"lifecycle/lifecycle","cinematic.releaseLevel:after",5633.9,"","menu","visible",0,0,0,0,"idle",false,1,false,2,0,0,0,0,0
"lifecycle/lifecycle","before-leave",5665.1,"","menu","visible",0,0,0,0,"inactive",false,0,false,0,0,0,0,0,0
"lifecycle/lifecycle","AtlasChallengeFx.dispose:after",5665.9,"","loading","visible",0,0,0,0,"inactive",false,0,false,0,0,0,0,0,0
"lifecycle/lifecycle","AtlasChallengeFx.suspend:after",5666.3,"","loading","visible",0,0,0,0,"inactive",false,0,false,0,0,0,0,0,0
"lifecycle/lifecycle","AtlasChallengeFx.dispose:after",5675,"","loading","visible",0,0,0,0,"inactive",false,0,false,0,1,0,0,0,0
"lifecycle/lifecycle","AtlasChallengeFx.suspend:after",5675.1,"","loading","visible",0,0,0,0,"inactive",false,0,false,0,1,0,0,0,0
"lifecycle/lifecycle","AtlasSceneEffects.dispose:after",5675.2,"","loading","visible",0,0,0,0,"inactive",false,0,false,0,1,0,0,0,0
"lifecycle/lifecycle","AtlasAmbientSystem.prepareLevel:resolved",6387.4,"","loading","visible",0,0,0,0,"inactive",false,0,false,0,2,163,143,0,0
"lifecycle/lifecycle","AtlasAssetReadiness.activate:after",6387.7,"","loading","visible",0,0,0,0,"inactive",false,0,false,0,2,163,143,0,0
"lifecycle/lifecycle","AtlasChallengeFx.suspend:after",6387.9,"","loading","visible",0,0,0,0,"inactive",false,0,false,0,2,163,143,0,0
"lifecycle/lifecycle","AtlasChallengeFx.suspend:after",6388.4,"","loading","visible",0,0,0,0,"inactive",false,0,false,0,2,163,143,0,0
"lifecycle/lifecycle","AtlasSceneEffects.prepareLevel:after",6388.6,"","loading","visible",0,0,0,0,"inactive",false,0,false,0,2,163,143,0,0
"lifecycle/lifecycle","cinematic.releaseLevel:after",6412.3,"LVL-0001","scene","visible",0,0,0,0,"inactive",false,2,true,2,3,163,143,0,0
"lifecycle/lifecycle","after-select-before-feature-selection",6420.3,"LVL-0001","scene","visible",0,0,0,0,"requesting-device",false,2,true,1,4,163,143,0,0
"lifecycle/lifecycle","cinematic.releaseLevel:after",6428.2,"LVL-0001","scene","visible",0,0,0,0,"requesting-device",false,2,true,3,4,163,143,0,0
"lifecycle/lifecycle","after-select-initialization",6429.3,"LVL-0001","scene","visible",0,0,0,0,"requesting-device",false,2,true,4,4,163,143,0,0
"lifecycle/lifecycle","cinematic.releaseLevel:after",6855.1,"LVL-0001","scene","visible",1,3,0,0,"compiling-pipelines",false,3,true,1,3,163,143,0,0
"lifecycle/lifecycle","after-steady-initialization",8166.6,"LVL-0001","scene","visible",10,12,2,1,"ready",true,3,true,0,3,163,143,0,0
"lifecycle/lifecycle","tab-reopen-same-browser:stationary:before",8171.6,"LVL-0001","scene","visible",10,12,2,1,"ready",true,3,true,0,3,163,143,0,0
"lifecycle/lifecycle","tab-reopen-same-browser:stationary:after",12184.8,"LVL-0001","scene","visible",23,12,2,1,"ready",true,3,true,0,2,163,143,0,0
"lifecycle/lifecycle","tab-reopen-same-browser:walking:before",12936.8,"LVL-0001","scene","visible",47,12,2,1,"ready",true,5,true,0,1,163,143,0,0
"lifecycle/lifecycle","tab-reopen-same-browser:walking:after",16939.1,"LVL-0001","scene","visible",63,13,2,1,"ready",true,5,true,0,1,163,143,0,0
"lifecycle/lifecycle","before-final-menu",17085.4,"LVL-0001","scene","visible",63,13,2,1,"ready",true,5,true,0,1,163,143,0,0
"lifecycle/lifecycle","AtlasAmbientSystem.releaseLevel:after",17085.8,"LVL-0001","scene","visible",63,13,2,1,"ready",true,4,true,0,1,163,143,0,0
"lifecycle/lifecycle","AtlasChallengeFx.dispose:after",17086.1,"LVL-0001","scene","visible",63,13,2,1,"ready",true,4,true,0,1,163,143,0,0
"lifecycle/lifecycle","AtlasChallengeFx.suspend:after",17086.2,"LVL-0001","scene","visible",63,13,2,1,"ready",true,4,true,0,1,163,143,0,0
"lifecycle/lifecycle","AtlasSceneEffects.dispose:after",17086.5,"LVL-0001","scene","visible",63,13,2,1,"ready",true,3,false,0,1,163,143,0,0
"lifecycle/lifecycle","AtlasVoxelRenderer.dispose:after",17086.7,"LVL-0001","scene","visible",63,13,2,1,"ready",true,3,false,0,1,163,143,0,0
"lifecycle/lifecycle","cinematic.releaseLevel:after",17087,"LVL-0001","scene","visible",2,3,0,1,"ready",false,2,false,0,1,163,143,0,0
"lifecycle/lifecycle","AtlasCinematicRenderer.dispose:after",17087.3,"LVL-0001","scene","visible",0,0,0,0,"idle",false,2,false,0,1,163,143,0,0
"lifecycle/lifecycle","AtlasThreeRenderer.dispose:after",17087.9,"LVL-0001","scene","visible",0,0,0,0,"idle",false,2,false,0,1,163,143,0,0
"lifecycle/lifecycle","AtlasEmissiveGlow.dispose:after",17088,"LVL-0001","scene","visible",0,0,0,0,"idle",false,2,false,0,1,163,143,0,0
"lifecycle/lifecycle","AtlasAssetReadiness.releaseActive:after",17088.4,"LVL-0001","scene","visible",0,0,0,0,"idle",false,2,false,0,0,0,143,0,0
"lifecycle/lifecycle","AtlasChallengeFx.dispose:after",17088.6,"","menu","visible",0,0,0,0,"idle",false,2,false,0,0,0,143,0,0
"lifecycle/lifecycle","AtlasChallengeFx.suspend:after",17090,"","menu","visible",0,0,0,0,"idle",false,1,false,0,0,0,143,0,0
"lifecycle/lifecycle","cinematic.releaseLevel:after",17090.3,"","menu","visible",0,0,0,0,"idle",false,1,false,2,0,0,143,0,0
"lifecycle/lifecycle","final-menu",17090.5,"","menu","visible",0,0,0,0,"inactive",false,1,false,3,0,0,143,0,0
"lifecycle/lifecycle","menu-settled",19602.9,"","menu","visible",0,0,0,0,"inactive",false,0,false,0,1,0,143,0,0
"visibility/lifecycle","diagnostics-installed",9,"","","visible",0,0,0,0,"","",0,"",0,0,"","","",""
"visibility/lifecycle","pageshow:event",17,"","","visible",0,0,0,0,"","",0,"",0,1,"","","",""
"visibility/lifecycle","pageshow:settled",20.8,"","","visible",0,0,0,0,"","",0,"",0,1,"","","",""
"visibility/lifecycle","AtlasChallengeFx.dispose:after",6023,"","menu","visible",0,0,0,0,"idle",false,1,false,0,0,0,0,0,0
"visibility/lifecycle","AtlasChallengeFx.suspend:after",6029,"","menu","visible",0,0,0,0,"idle",false,1,false,0,0,0,0,0,0
"visibility/lifecycle","cinematic.releaseLevel:after",6029.8,"","menu","visible",0,0,0,0,"idle",false,1,false,2,0,0,0,0,0
"visibility/lifecycle","cinematic.releaseLevel:after",6030.2,"","menu","visible",0,0,0,0,"idle",false,1,false,2,0,0,0,0,0
"visibility/lifecycle","before-leave",6410.1,"","menu","visible",0,0,0,0,"inactive",false,0,false,0,0,0,0,0,0
"visibility/lifecycle","AtlasChallengeFx.dispose:after",6411,"","loading","visible",0,0,0,0,"inactive",false,0,false,0,0,0,0,0,0
"visibility/lifecycle","AtlasChallengeFx.suspend:after",6411.6,"","loading","visible",0,0,0,0,"inactive",false,0,false,0,0,0,0,0,0
"visibility/lifecycle","AtlasChallengeFx.dispose:after",6412.7,"","loading","visible",0,0,0,0,"inactive",false,0,false,0,1,0,0,0,0
"visibility/lifecycle","AtlasChallengeFx.suspend:after",6412.7,"","loading","visible",0,0,0,0,"inactive",false,0,false,0,1,0,0,0,0
"visibility/lifecycle","AtlasSceneEffects.dispose:after",6412.9,"","loading","visible",0,0,0,0,"inactive",false,0,false,0,1,0,0,0,0
"visibility/lifecycle","AtlasAmbientSystem.prepareLevel:resolved",7143.2,"","loading","visible",0,0,0,0,"inactive",false,0,false,0,2,163,143,0,0
"visibility/lifecycle","AtlasAssetReadiness.activate:after",7143.4,"","loading","visible",0,0,0,0,"inactive",false,0,false,0,2,163,143,0,0
"visibility/lifecycle","AtlasChallengeFx.suspend:after",7143.6,"","loading","visible",0,0,0,0,"inactive",false,0,false,0,2,163,143,0,0
"visibility/lifecycle","AtlasChallengeFx.suspend:after",7144.1,"","loading","visible",0,0,0,0,"inactive",false,0,false,0,2,163,143,0,0
"visibility/lifecycle","AtlasSceneEffects.prepareLevel:after",7144.2,"","loading","visible",0,0,0,0,"inactive",false,0,false,0,2,163,143,0,0
"visibility/lifecycle","cinematic.releaseLevel:after",7165.9,"LVL-0001","scene","visible",0,0,0,0,"inactive",false,2,true,2,3,163,143,0,0
"visibility/lifecycle","after-select-before-feature-selection",7336.2,"LVL-0001","scene","visible",0,0,0,0,"requesting-device",false,2,true,1,4,163,143,0,0
"visibility/lifecycle","cinematic.releaseLevel:after",7344.4,"LVL-0001","scene","visible",0,0,0,0,"requesting-device",false,2,true,3,4,163,143,0,0
"visibility/lifecycle","after-select-initialization",7345.5,"LVL-0001","scene","visible",0,0,0,0,"requesting-device",false,2,true,4,4,163,143,0,0
"visibility/lifecycle","cinematic.releaseLevel:after",7939.5,"LVL-0001","scene","visible",1,3,0,0,"compiling-pipelines",false,3,true,1,3,163,143,0,0
"visibility/lifecycle","after-steady-initialization",9304.8,"LVL-0001","scene","visible",23,12,2,1,"ready",true,3,true,0,2,163,143,0,0
"visibility/lifecycle","cold:stationary:before",9315.9,"LVL-0001","scene","visible",23,12,2,1,"ready",true,3,true,0,2,163,143,0,0
"visibility/lifecycle","cold:stationary:after",13325.1,"LVL-0001","scene","visible",24,12,2,1,"ready",true,3,true,0,2,163,143,0,0
"visibility/lifecycle","cold:walking:before",14078.7,"LVL-0001","scene","visible",49,12,2,1,"ready",true,5,true,0,1,163,143,0,0
"visibility/lifecycle","cold:walking:after",18085.4,"LVL-0001","scene","visible",55,13,2,1,"ready",true,5,true,0,1,163,143,0,0
"visibility/lifecycle","before-background",18196.1,"LVL-0001","scene","visible",55,13,2,1,"ready",true,4,true,0,1,163,143,0,0
"visibility/lifecycle","after-resume-initialization",22060.6,"LVL-0001","scene","visible",68,13,2,1,"ready",true,3,true,0,2,163,143,0,0
"visibility/lifecycle","resume-3:stationary:before",23397,"LVL-0001","scene","visible",80,13,2,1,"ready",true,3,true,0,2,163,143,0,0
"visibility/lifecycle","resume-3:stationary:after",27406,"LVL-0001","scene","visible",80,13,2,1,"ready",true,3,true,0,2,163,143,0,0
"visibility/lifecycle","resume-3:walking:before",28155.2,"LVL-0001","scene","visible",80,13,2,1,"ready",true,5,true,0,1,163,143,0,0
"visibility/lifecycle","resume-3:walking:after",32161.7,"LVL-0001","scene","visible",81,13,2,1,"ready",true,5,true,0,1,163,143,0,0
"visibility/lifecycle","before-background",32253.8,"LVL-0001","scene","visible",82,13,2,1,"ready",true,4,true,0,1,163,143,0,0
"visibility/lifecycle","after-resume-initialization",63121.7,"LVL-0001","scene","visible",99,13,2,1,"ready",true,3,true,0,2,163,143,0,0
"visibility/lifecycle","resume-30:stationary:before",64490.5,"LVL-0001","scene","visible",26,13,2,1,"ready",true,3,true,0,2,163,143,0,0
"visibility/lifecycle","resume-30:stationary:after",68493.3,"LVL-0001","scene","visible",34,13,2,1,"ready",true,4,true,0,1,163,143,0,0
"visibility/lifecycle","resume-30:walking:before",69244.4,"LVL-0001","scene","visible",59,13,2,1,"ready",true,5,true,0,1,163,143,0,0
"visibility/lifecycle","resume-30:walking:after",73248.6,"LVL-0001","scene","visible",69,13,2,1,"ready",true,5,true,0,1,163,143,0,0
"visibility/lifecycle","before-menu",73353.9,"LVL-0001","scene","visible",69,13,2,1,"ready",true,5,true,0,1,163,143,0,0
"visibility/lifecycle","AtlasAmbientSystem.releaseLevel:after",73354.4,"LVL-0001","scene","visible",69,13,2,1,"ready",true,4,true,0,1,163,143,0,0
"visibility/lifecycle","AtlasChallengeFx.dispose:after",73354.7,"LVL-0001","scene","visible",69,13,2,1,"ready",true,4,true,0,1,163,143,0,0
"visibility/lifecycle","AtlasChallengeFx.suspend:after",73354.9,"LVL-0001","scene","visible",69,13,2,1,"ready",true,4,true,0,1,163,143,0,0
"visibility/lifecycle","AtlasSceneEffects.dispose:after",73355.1,"LVL-0001","scene","visible",69,13,2,1,"ready",true,3,false,0,1,163,143,0,0
"visibility/lifecycle","AtlasVoxelRenderer.dispose:after",73355.5,"LVL-0001","scene","visible",69,13,2,1,"ready",true,3,false,0,1,163,143,0,0
"visibility/lifecycle","cinematic.releaseLevel:after",73355.8,"LVL-0001","scene","visible",2,3,0,1,"ready",false,2,false,0,1,163,143,0,0
"visibility/lifecycle","AtlasCinematicRenderer.dispose:after",73356,"LVL-0001","scene","visible",0,0,0,0,"idle",false,2,false,0,1,163,143,0,0
"visibility/lifecycle","AtlasThreeRenderer.dispose:after",73356.6,"LVL-0001","scene","visible",0,0,0,0,"idle",false,2,false,0,1,163,143,0,0
"visibility/lifecycle","AtlasEmissiveGlow.dispose:after",73356.8,"LVL-0001","scene","visible",0,0,0,0,"idle",false,2,false,0,1,163,143,0,0
"visibility/lifecycle","AtlasAssetReadiness.releaseActive:after",73357.1,"LVL-0001","scene","visible",0,0,0,0,"idle",false,2,false,0,0,0,143,0,0
"visibility/lifecycle","AtlasChallengeFx.dispose:after",73357.3,"","menu","visible",0,0,0,0,"idle",false,2,false,0,0,0,143,0,0
"visibility/lifecycle","AtlasChallengeFx.suspend:after",73358.8,"","menu","visible",0,0,0,0,"idle",false,1,false,0,0,0,143,0,0
"visibility/lifecycle","cinematic.releaseLevel:after",73359.1,"","menu","visible",0,0,0,0,"idle",false,1,false,2,0,0,143,0,0
"visibility/lifecycle","after-menu-teardown",73359.3,"","menu","visible",0,0,0,0,"inactive",false,1,false,3,0,0,143,0,0
"visibility/lifecycle","before-leave",73365.8,"","menu","visible",0,0,0,0,"inactive",false,1,false,0,0,0,143,0,0
"visibility/lifecycle","AtlasChallengeFx.dispose:after",73366.2,"","loading","visible",0,0,0,0,"inactive",false,1,false,0,0,0,143,0,0
"visibility/lifecycle","AtlasChallengeFx.suspend:after",73366.7,"","loading","visible",0,0,0,0,"inactive",false,1,false,0,0,0,143,0,0
"visibility/lifecycle","AtlasChallengeFx.dispose:after",73367.2,"","loading","visible",0,0,0,0,"inactive",false,1,false,0,0,0,143,0,0
"visibility/lifecycle","AtlasChallengeFx.suspend:after",73367.3,"","loading","visible",0,0,0,0,"inactive",false,1,false,0,0,0,143,0,0
"visibility/lifecycle","AtlasSceneEffects.dispose:after",73367.4,"","loading","visible",0,0,0,0,"inactive",false,1,false,0,0,0,143,0,0
"visibility/lifecycle","AtlasAmbientSystem.prepareLevel:resolved",73853.3,"","loading","visible",0,0,0,0,"inactive",false,1,false,0,1,78,267,0,0
"visibility/lifecycle","AtlasAssetReadiness.activate:after",73853.6,"","loading","visible",0,0,0,0,"inactive",false,1,false,0,1,78,267,0,0
"visibility/lifecycle","AtlasChallengeFx.suspend:after",73853.8,"","loading","visible",0,0,0,0,"inactive",false,1,false,0,1,78,267,0,0
"visibility/lifecycle","AtlasChallengeFx.suspend:after",73853.9,"","loading","visible",0,0,0,0,"inactive",false,1,false,0,1,78,267,0,0
"visibility/lifecycle","AtlasSceneEffects.prepareLevel:after",73853.9,"","loading","visible",0,0,0,0,"inactive",false,1,false,0,1,78,267,0,0
"visibility/lifecycle","cinematic.releaseLevel:after",73859.1,"LVL-0034","scene","visible",0,0,0,0,"inactive",false,1,true,2,3,78,267,0,0
"visibility/lifecycle","after-select-before-feature-selection",73859.9,"LVL-0034","scene","visible",0,0,0,0,"compiling-pipelines",false,1,true,1,3,78,267,0,0
"visibility/lifecycle","cinematic.releaseLevel:after",73864.4,"LVL-0034","scene","visible",0,0,0,0,"compiling-pipelines",false,1,true,3,3,78,267,0,0
"visibility/lifecycle","after-select-initialization",73865.5,"LVL-0034","scene","visible",0,0,0,0,"requesting-device",false,1,true,4,3,78,267,0,0
"visibility/lifecycle","cinematic.releaseLevel:after",73881.6,"LVL-0034","scene","visible",1,3,0,0,"compiling-pipelines",false,2,true,1,3,78,267,0,0
"visibility/lifecycle","after-steady-initialization",75162.3,"LVL-0034","scene","visible",10,6,1,1,"ready",true,3,true,0,2,78,267,0,0
"visibility/lifecycle","menu-riven:stationary:before",75167,"LVL-0034","scene","visible",11,6,1,1,"ready",true,3,true,0,2,78,267,0,0
"visibility/lifecycle","menu-riven:stationary:after",79174.1,"LVL-0034","scene","visible",15,6,1,1,"ready",true,2,true,0,2,78,267,0,0
"visibility/lifecycle","menu-riven:walking:before",79907.2,"LVL-0034","scene","visible",40,6,1,1,"ready",true,4,true,0,1,78,267,0,0
"visibility/lifecycle","menu-riven:walking:after",83915.6,"LVL-0034","scene","visible",47,6,1,1,"ready",true,5,true,0,0,78,267,1,1
"visibility/lifecycle","AtlasAmbientSystem.releaseLevel:after",84129.6,"LVL-0034","scene","visible",47,6,1,1,"ready",true,3,true,0,0,78,267,0,0
"visibility/lifecycle","AtlasChallengeFx.dispose:after",84129.9,"LVL-0034","scene","visible",47,6,1,1,"ready",true,3,true,0,0,78,267,0,0
"visibility/lifecycle","AtlasChallengeFx.suspend:after",84130,"LVL-0034","scene","visible",47,6,1,1,"ready",true,3,true,0,0,78,267,0,0
"visibility/lifecycle","AtlasSceneEffects.dispose:after",84130.2,"LVL-0034","scene","visible",47,6,1,1,"ready",true,2,false,0,0,78,267,0,0
"visibility/lifecycle","AtlasVoxelRenderer.dispose:after",84130.3,"LVL-0034","scene","visible",47,6,1,1,"ready",true,2,false,0,0,78,267,0,0
"visibility/lifecycle","cinematic.releaseLevel:after",84130.5,"LVL-0034","scene","visible",2,3,0,1,"ready",false,1,false,0,0,78,267,0,0
"visibility/lifecycle","AtlasCinematicRenderer.dispose:after",84130.6,"LVL-0034","scene","visible",0,0,0,0,"idle",false,1,false,0,0,78,267,0,0
"visibility/lifecycle","AtlasThreeRenderer.dispose:after",84130.8,"LVL-0034","scene","visible",0,0,0,0,"idle",false,1,false,0,0,78,267,0,0
"visibility/lifecycle","AtlasEmissiveGlow.dispose:after",84131,"LVL-0034","scene","visible",0,0,0,0,"idle",false,1,false,0,0,78,267,0,0
"visibility/lifecycle","AtlasAssetReadiness.releaseActive:after",84131.2,"LVL-0034","scene","visible",0,0,0,0,"idle",false,1,false,0,0,0,267,0,0
"visibility/lifecycle","AtlasChallengeFx.dispose:after",84131.2,"","menu","visible",0,0,0,0,"idle",false,1,false,0,0,0,267,0,0
"visibility/lifecycle","AtlasChallengeFx.suspend:after",84132.5,"","menu","visible",0,0,0,0,"idle",false,1,false,0,0,0,267,0,0
"visibility/lifecycle","cinematic.releaseLevel:after",84132.7,"","menu","visible",0,0,0,0,"idle",false,1,false,2,0,0,267,0,0
"visibility/lifecycle","before-leave",84136.4,"","menu","visible",0,0,0,0,"inactive",false,1,false,0,0,0,267,0,0
"visibility/lifecycle","AtlasChallengeFx.dispose:after",84136.8,"","loading","visible",0,0,0,0,"inactive",false,1,false,0,0,0,267,0,0
"visibility/lifecycle","AtlasChallengeFx.suspend:after",84137.3,"","loading","visible",0,0,0,0,"inactive",false,1,false,0,0,0,267,0,0
"visibility/lifecycle","AtlasChallengeFx.dispose:after",84137.8,"","loading","visible",0,0,0,0,"inactive",false,1,false,0,0,0,267,0,0
"visibility/lifecycle","AtlasChallengeFx.suspend:after",84138,"","loading","visible",0,0,0,0,"inactive",false,1,false,0,0,0,267,0,0
"visibility/lifecycle","AtlasSceneEffects.dispose:after",84138.2,"","loading","visible",0,0,0,0,"inactive",false,1,false,0,0,0,267,0,0
"visibility/lifecycle","AtlasAmbientSystem.prepareLevel:resolved",84586.8,"","loading","visible",0,0,0,0,"inactive",false,0,false,0,1,163,267,0,0
"visibility/lifecycle","AtlasAssetReadiness.activate:after",84587.1,"","loading","visible",0,0,0,0,"inactive",false,0,false,0,1,163,267,0,0
"visibility/lifecycle","AtlasChallengeFx.suspend:after",84587.2,"","loading","visible",0,0,0,0,"inactive",false,0,false,0,1,163,267,0,0
"visibility/lifecycle","AtlasChallengeFx.suspend:after",84587.4,"","loading","visible",0,0,0,0,"inactive",false,0,false,0,1,163,267,0,0
"visibility/lifecycle","AtlasSceneEffects.prepareLevel:after",84587.5,"","loading","visible",0,0,0,0,"inactive",false,0,false,0,1,163,267,0,0
"visibility/lifecycle","cinematic.releaseLevel:after",84594.5,"LVL-0001","scene","visible",0,0,0,0,"inactive",false,2,true,2,2,163,267,0,0
"visibility/lifecycle","after-select-before-feature-selection",84605.8,"LVL-0001","scene","visible",0,0,0,0,"compiling-pipelines",false,2,true,1,2,163,267,0,0
"visibility/lifecycle","cinematic.releaseLevel:after",84611.1,"LVL-0001","scene","visible",0,0,0,0,"compiling-pipelines",false,2,true,3,2,163,267,0,0
"visibility/lifecycle","after-select-initialization",84612.4,"LVL-0001","scene","visible",0,0,0,0,"requesting-device",false,2,true,4,2,163,267,0,0
"visibility/lifecycle","cinematic.releaseLevel:after",84680.6,"LVL-0001","scene","visible",1,3,0,0,"compiling-pipelines",false,3,true,1,2,163,267,0,0
"visibility/lifecycle","after-steady-initialization",86066.4,"LVL-0001","scene","visible",10,12,2,1,"ready",true,3,true,0,2,163,267,0,0
"visibility/lifecycle","menu-rune:stationary:before",86072.2,"LVL-0001","scene","visible",10,12,2,1,"ready",true,3,true,0,2,163,267,0,0
"visibility/lifecycle","menu-rune:stationary:after",90086,"LVL-0001","scene","visible",23,12,2,1,"ready",true,4,true,0,1,163,267,0,0
"visibility/lifecycle","menu-rune:walking:before",90849.7,"LVL-0001","scene","visible",48,12,2,1,"ready",true,5,true,0,1,163,267,0,0
"visibility/lifecycle","menu-rune:walking:after",94851,"LVL-0001","scene","visible",59,13,2,1,"ready",true,5,true,0,1,163,267,0,0
"visibility/lifecycle","diagnostics-installed",20.7,"","","visible",0,0,0,0,"","",0,"",0,0,"","","",""
"visibility/lifecycle","pageshow:event",45.1,"","","visible",0,0,0,0,"","",0,"",0,1,"","","",""
"visibility/lifecycle","pageshow:settled",45.3,"","","visible",0,0,0,0,"","",0,"",0,1,"","","",""
"visibility/lifecycle","AtlasChallengeFx.dispose:after",5678.1,"","menu","visible",0,0,0,0,"idle",false,1,false,0,0,0,0,0,0
"visibility/lifecycle","AtlasChallengeFx.suspend:after",5679.6,"","menu","visible",0,0,0,0,"idle",false,1,false,0,0,0,0,0,0
"visibility/lifecycle","cinematic.releaseLevel:after",5679.8,"","menu","visible",0,0,0,0,"idle",false,1,false,2,0,0,0,0,0
"visibility/lifecycle","cinematic.releaseLevel:after",5679.9,"","menu","visible",0,0,0,0,"idle",false,1,false,2,0,0,0,0,0
"visibility/lifecycle","before-leave",5709.7,"","menu","visible",0,0,0,0,"inactive",false,0,false,0,0,0,0,0,0
"visibility/lifecycle","AtlasChallengeFx.dispose:after",5710,"","loading","visible",0,0,0,0,"inactive",false,0,false,0,0,0,0,0,0
"visibility/lifecycle","AtlasChallengeFx.suspend:after",5710.4,"","loading","visible",0,0,0,0,"inactive",false,0,false,0,0,0,0,0,0
"visibility/lifecycle","AtlasChallengeFx.dispose:after",5710.8,"","loading","visible",0,0,0,0,"inactive",false,0,false,0,1,0,0,0,0
"visibility/lifecycle","AtlasChallengeFx.suspend:after",5711,"","loading","visible",0,0,0,0,"inactive",false,0,false,0,1,0,0,0,0
"visibility/lifecycle","AtlasSceneEffects.dispose:after",5711,"","loading","visible",0,0,0,0,"inactive",false,0,false,0,1,0,0,0,0
"visibility/lifecycle","AtlasAmbientSystem.prepareLevel:resolved",6331,"","loading","visible",0,0,0,0,"inactive",false,0,false,0,2,163,143,0,0
"visibility/lifecycle","AtlasAssetReadiness.activate:after",6331.2,"","loading","visible",0,0,0,0,"inactive",false,0,false,0,2,163,143,0,0
"visibility/lifecycle","AtlasChallengeFx.suspend:after",6331.4,"","loading","visible",0,0,0,0,"inactive",false,0,false,0,2,163,143,0,0
"visibility/lifecycle","AtlasChallengeFx.suspend:after",6331.6,"","loading","visible",0,0,0,0,"inactive",false,0,false,0,2,163,143,0,0
"visibility/lifecycle","AtlasSceneEffects.prepareLevel:after",6331.6,"","loading","visible",0,0,0,0,"inactive",false,0,false,0,2,163,143,0,0
"visibility/lifecycle","cinematic.releaseLevel:after",6339.6,"LVL-0001","scene","visible",0,0,0,0,"inactive",false,2,true,2,3,163,143,0,0
"visibility/lifecycle","after-select-before-feature-selection",6352.7,"LVL-0001","scene","visible",0,0,0,0,"requesting-device",false,2,true,1,4,163,143,0,0
"visibility/lifecycle","cinematic.releaseLevel:after",6359.4,"LVL-0001","scene","visible",0,0,0,0,"requesting-device",false,2,true,3,4,163,143,0,0
"visibility/lifecycle","after-select-initialization",6360.3,"LVL-0001","scene","visible",0,0,0,0,"requesting-device",false,2,true,4,4,163,143,0,0
"visibility/lifecycle","cinematic.releaseLevel:after",6821.9,"LVL-0001","scene","visible",1,3,0,0,"compiling-pipelines",false,3,true,1,3,163,143,0,0
"visibility/lifecycle","after-steady-initialization",8141.3,"LVL-0001","scene","visible",10,12,2,1,"ready",true,3,true,0,2,163,143,0,0
"visibility/lifecycle","reload:stationary:before",8148.6,"LVL-0001","scene","visible",10,12,2,1,"ready",true,3,true,0,2,163,143,0,0
"visibility/lifecycle","reload:stationary:after",12161.3,"LVL-0001","scene","visible",24,12,2,1,"ready",true,3,true,0,2,163,143,0,0
"visibility/lifecycle","reload:walking:before",12926.1,"LVL-0001","scene","visible",49,12,2,1,"ready",true,5,true,0,1,163,143,0,0
"visibility/lifecycle","reload:walking:after",16927.1,"LVL-0001","scene","visible",55,13,2,1,"ready",true,5,true,0,1,163,143,0,0
"visibility/lifecycle","diagnostics-installed",8.6,"","","visible",0,0,0,0,"","",0,"",0,0,"","","",""
"visibility/lifecycle","pageshow:event",15.1,"","","visible",0,0,0,0,"","",0,"",0,1,"","","",""
"visibility/lifecycle","pageshow:settled",24.2,"","","visible",0,0,0,0,"","",0,"",0,1,"","","",""
"visibility/lifecycle","AtlasChallengeFx.dispose:after",5689.1,"","menu","visible",0,0,0,0,"idle",false,1,false,0,0,0,0,0,0
"visibility/lifecycle","AtlasChallengeFx.suspend:after",5694.3,"","menu","visible",0,0,0,0,"idle",false,1,false,0,0,0,0,0,0
"visibility/lifecycle","cinematic.releaseLevel:after",5695.1,"","menu","visible",0,0,0,0,"idle",false,1,false,2,0,0,0,0,0
"visibility/lifecycle","cinematic.releaseLevel:after",5695.6,"","menu","visible",0,0,0,0,"idle",false,1,false,2,0,0,0,0,0
"visibility/lifecycle","before-leave",5726.4,"","menu","visible",0,0,0,0,"inactive",false,0,false,0,0,0,0,0,0
"visibility/lifecycle","AtlasChallengeFx.dispose:after",5727.4,"","loading","visible",0,0,0,0,"inactive",false,0,false,0,0,0,0,0,0
"visibility/lifecycle","AtlasChallengeFx.suspend:after",5728,"","loading","visible",0,0,0,0,"inactive",false,0,false,0,0,0,0,0,0
"visibility/lifecycle","AtlasChallengeFx.dispose:after",5733.7,"","loading","visible",0,0,0,0,"inactive",false,0,false,0,1,0,0,0,0
"visibility/lifecycle","AtlasChallengeFx.suspend:after",5733.9,"","loading","visible",0,0,0,0,"inactive",false,0,false,0,1,0,0,0,0
"visibility/lifecycle","AtlasSceneEffects.dispose:after",5734,"","loading","visible",0,0,0,0,"inactive",false,0,false,0,1,0,0,0,0
"visibility/lifecycle","AtlasAmbientSystem.prepareLevel:resolved",6427.1,"","loading","visible",0,0,0,0,"inactive",false,0,false,0,2,163,143,0,0
"visibility/lifecycle","AtlasAssetReadiness.activate:after",6427.3,"","loading","visible",0,0,0,0,"inactive",false,0,false,0,2,163,143,0,0
"visibility/lifecycle","AtlasChallengeFx.suspend:after",6427.4,"","loading","visible",0,0,0,0,"inactive",false,0,false,0,2,163,143,0,0
"visibility/lifecycle","AtlasChallengeFx.suspend:after",6427.9,"","loading","visible",0,0,0,0,"inactive",false,0,false,0,2,163,143,0,0
"visibility/lifecycle","AtlasSceneEffects.prepareLevel:after",6428.1,"","loading","visible",0,0,0,0,"inactive",false,0,false,0,2,163,143,0,0
"visibility/lifecycle","cinematic.releaseLevel:after",6449.5,"LVL-0001","scene","visible",0,0,0,0,"inactive",false,2,true,2,3,163,143,0,0
"visibility/lifecycle","after-select-before-feature-selection",6459,"LVL-0001","scene","visible",0,0,0,0,"requesting-device",false,2,true,1,4,163,143,0,0
"visibility/lifecycle","cinematic.releaseLevel:after",6468.6,"LVL-0001","scene","visible",0,0,0,0,"requesting-device",false,2,true,3,4,163,143,0,0
"visibility/lifecycle","after-select-initialization",6469.7,"LVL-0001","scene","visible",0,0,0,0,"requesting-device",false,2,true,4,4,163,143,0,0
"visibility/lifecycle","cinematic.releaseLevel:after",6900.2,"LVL-0001","scene","visible",1,3,0,0,"compiling-pipelines",false,3,true,1,3,163,143,0,0
"visibility/lifecycle","after-steady-initialization",8230.1,"LVL-0001","scene","visible",14,12,2,1,"ready",true,4,true,0,1,163,143,0,0
"visibility/lifecycle","tab-reopen-same-browser:stationary:before",8236.2,"LVL-0001","scene","visible",14,12,2,1,"ready",true,4,true,0,1,163,143,0,0
"visibility/lifecycle","tab-reopen-same-browser:stationary:after",12241.1,"LVL-0001","scene","visible",23,12,2,1,"ready",true,3,true,0,2,163,143,0,0
"visibility/lifecycle","tab-reopen-same-browser:walking:before",12994.4,"LVL-0001","scene","visible",48,12,2,1,"ready",true,5,true,0,1,163,143,0,0
"visibility/lifecycle","tab-reopen-same-browser:walking:after",16996.2,"LVL-0001","scene","visible",55,13,2,1,"ready",true,5,true,0,1,163,143,0,0
"visibility/lifecycle","before-final-menu",17117.3,"LVL-0001","scene","visible",55,13,2,1,"ready",true,5,true,0,1,163,143,0,0
"visibility/lifecycle","AtlasAmbientSystem.releaseLevel:after",17117.9,"LVL-0001","scene","visible",55,13,2,1,"ready",true,4,true,0,1,163,143,0,0
"visibility/lifecycle","AtlasChallengeFx.dispose:after",17118.2,"LVL-0001","scene","visible",55,13,2,1,"ready",true,4,true,0,1,163,143,0,0
"visibility/lifecycle","AtlasChallengeFx.suspend:after",17118.3,"LVL-0001","scene","visible",55,13,2,1,"ready",true,4,true,0,1,163,143,0,0
"visibility/lifecycle","AtlasSceneEffects.dispose:after",17118.5,"LVL-0001","scene","visible",55,13,2,1,"ready",true,3,false,0,1,163,143,0,0
"visibility/lifecycle","AtlasVoxelRenderer.dispose:after",17118.7,"LVL-0001","scene","visible",55,13,2,1,"ready",true,3,false,0,1,163,143,0,0
"visibility/lifecycle","cinematic.releaseLevel:after",17119.1,"LVL-0001","scene","visible",2,3,0,1,"ready",false,2,false,0,1,163,143,0,0
"visibility/lifecycle","AtlasCinematicRenderer.dispose:after",17119.3,"LVL-0001","scene","visible",0,0,0,0,"idle",false,2,false,0,1,163,143,0,0
"visibility/lifecycle","AtlasThreeRenderer.dispose:after",17120.1,"LVL-0001","scene","visible",0,0,0,0,"idle",false,2,false,0,1,163,143,0,0
"visibility/lifecycle","AtlasEmissiveGlow.dispose:after",17120.2,"LVL-0001","scene","visible",0,0,0,0,"idle",false,2,false,0,1,163,143,0,0
"visibility/lifecycle","AtlasAssetReadiness.releaseActive:after",17120.5,"LVL-0001","scene","visible",0,0,0,0,"idle",false,2,false,0,0,0,143,0,0
"visibility/lifecycle","AtlasChallengeFx.dispose:after",17120.7,"","menu","visible",0,0,0,0,"idle",false,2,false,0,0,0,143,0,0
"visibility/lifecycle","AtlasChallengeFx.suspend:after",17122.2,"","menu","visible",0,0,0,0,"idle",false,1,false,0,0,0,143,0,0
"visibility/lifecycle","cinematic.releaseLevel:after",17122.6,"","menu","visible",0,0,0,0,"idle",false,1,false,2,0,0,143,0,0
"visibility/lifecycle","final-menu",17122.9,"","menu","visible",0,0,0,0,"inactive",false,1,false,3,0,0,143,0,0
"visibility/lifecycle","menu-settled",19636,"","menu","visible",0,0,0,0,"inactive",false,0,false,0,1,0,143,0,0
"visibility/lifecycle","menu-quiet-before",19640.9,"","menu","visible",0,0,0,0,"inactive",false,0,false,0,1,0,143,0,0
"visibility/lifecycle","menu-quiet-after",27655.5,"","menu","visible",0,0,0,0,"inactive",false,1,false,0,0,0,143,0,0
"native-visibility/lifecycle","diagnostics-installed",9.4,"","","visible",0,0,0,0,"","",0,"",0,0,"","","",""
"native-visibility/lifecycle","pageshow:event",16.5,"","","visible",0,0,0,0,"","",0,"",0,1,"","","",""
"native-visibility/lifecycle","pageshow:settled",20.3,"","","visible",0,0,0,0,"","",0,"",0,1,"","","",""
"native-visibility/lifecycle","AtlasChallengeFx.dispose:after",6021.7,"","menu","visible",0,0,0,0,"idle",false,1,false,0,0,0,0,0,0
"native-visibility/lifecycle","AtlasChallengeFx.suspend:after",6027.9,"","menu","visible",0,0,0,0,"idle",false,1,false,0,0,0,0,0,0
"native-visibility/lifecycle","cinematic.releaseLevel:after",6028.8,"","menu","visible",0,0,0,0,"idle",false,1,false,2,0,0,0,0,0
"native-visibility/lifecycle","cinematic.releaseLevel:after",6029.2,"","menu","visible",0,0,0,0,"idle",false,1,false,2,0,0,0,0,0
"native-visibility/lifecycle","before-leave",6402.5,"","menu","visible",0,0,0,0,"inactive",false,0,false,0,0,0,0,0,0
"native-visibility/lifecycle","AtlasChallengeFx.dispose:after",6403.5,"","loading","visible",0,0,0,0,"inactive",false,0,false,0,0,0,0,0,0
"native-visibility/lifecycle","AtlasChallengeFx.suspend:after",6404.1,"","loading","visible",0,0,0,0,"inactive",false,0,false,0,0,0,0,0,0
"native-visibility/lifecycle","AtlasChallengeFx.dispose:after",6405.3,"","loading","visible",0,0,0,0,"inactive",false,0,false,0,1,0,0,0,0
"native-visibility/lifecycle","AtlasChallengeFx.suspend:after",6405.5,"","loading","visible",0,0,0,0,"inactive",false,0,false,0,1,0,0,0,0
"native-visibility/lifecycle","AtlasSceneEffects.dispose:after",6405.6,"","loading","visible",0,0,0,0,"inactive",false,0,false,0,1,0,0,0,0
"native-visibility/lifecycle","AtlasAmbientSystem.prepareLevel:resolved",7115.2,"","loading","visible",0,0,0,0,"inactive",false,0,false,0,2,163,143,0,0
"native-visibility/lifecycle","AtlasAssetReadiness.activate:after",7115.5,"","loading","visible",0,0,0,0,"inactive",false,0,false,0,2,163,143,0,0
"native-visibility/lifecycle","AtlasChallengeFx.suspend:after",7115.6,"","loading","visible",0,0,0,0,"inactive",false,0,false,0,2,163,143,0,0
"native-visibility/lifecycle","AtlasChallengeFx.suspend:after",7116.1,"","loading","visible",0,0,0,0,"inactive",false,0,false,0,2,163,143,0,0
"native-visibility/lifecycle","AtlasSceneEffects.prepareLevel:after",7116.2,"","loading","visible",0,0,0,0,"inactive",false,0,false,0,2,163,143,0,0
"native-visibility/lifecycle","cinematic.releaseLevel:after",7138,"LVL-0001","scene","visible",0,0,0,0,"inactive",false,2,true,2,3,163,143,0,0
"native-visibility/lifecycle","after-select-before-feature-selection",7303.6,"LVL-0001","scene","visible",0,0,0,0,"requesting-device",false,2,true,1,4,163,143,0,0
"native-visibility/lifecycle","cinematic.releaseLevel:after",7313.5,"LVL-0001","scene","visible",0,0,0,0,"requesting-device",false,2,true,3,4,163,143,0,0
"native-visibility/lifecycle","after-select-initialization",7315.8,"LVL-0001","scene","visible",0,0,0,0,"requesting-device",false,2,true,4,4,163,143,0,0
"native-visibility/lifecycle","cinematic.releaseLevel:after",7882.8,"LVL-0001","scene","visible",1,3,0,0,"compiling-pipelines",false,3,true,1,3,163,143,0,0
"native-visibility/lifecycle","after-steady-initialization",9248.4,"LVL-0001","scene","visible",10,12,2,1,"ready",true,4,true,0,1,163,143,0,0
"native-visibility/lifecycle","cold:stationary:before",9257.4,"LVL-0001","scene","visible",11,12,2,1,"ready",true,4,true,0,1,163,143,0,0
"native-visibility/lifecycle","cold:stationary:after",13263.7,"LVL-0001","scene","visible",24,12,2,1,"ready",true,3,true,0,2,163,143,0,0
"native-visibility/lifecycle","cold:walking:before",14030.3,"LVL-0001","scene","visible",48,12,2,1,"ready",true,5,true,0,1,163,143,0,0
"native-visibility/lifecycle","cold:walking:after",18041.9,"LVL-0001","scene","visible",64,13,2,1,"ready",true,5,true,0,1,163,143,0,0
"native-visibility/lifecycle","before-background",18152.2,"LVL-0001","scene","visible",65,13,2,1,"ready",true,4,true,0,1,163,143,0,0
"native-visibility/lifecycle","after-resume-initialization",22012.7,"LVL-0001","scene","visible",83,13,2,1,"ready",true,4,true,0,1,163,143,0,0
"native-visibility/lifecycle","resume-3:stationary:before",23357.4,"LVL-0001","scene","visible",95,13,2,1,"ready",true,3,true,0,2,163,143,0,0
"native-visibility/lifecycle","resume-3:stationary:after",27361.9,"LVL-0001","scene","visible",95,13,2,1,"ready",true,3,true,0,2,163,143,0,0
"native-visibility/lifecycle","resume-3:walking:before",28118.1,"LVL-0001","scene","visible",95,13,2,1,"ready",true,5,true,0,1,163,143,0,0
"native-visibility/lifecycle","resume-3:walking:after",32124,"LVL-0001","scene","visible",96,13,2,1,"ready",true,5,true,0,1,163,143,0,0
"native-visibility/lifecycle","before-background",32241.6,"LVL-0001","scene","visible",96,13,2,1,"ready",true,4,true,0,1,163,143,0,0
"native-visibility/lifecycle","after-resume-initialization",63111.2,"LVL-0001","scene","visible",38,13,2,1,"ready",true,3,true,0,2,163,143,0,0
"native-visibility/lifecycle","resume-30:stationary:before",64456.7,"LVL-0001","scene","visible",61,13,2,1,"ready",true,3,true,0,2,163,143,0,0
"native-visibility/lifecycle","resume-30:stationary:after",68468.1,"LVL-0001","scene","visible",62,13,2,1,"ready",true,3,true,0,2,163,143,0,0
"native-visibility/lifecycle","resume-30:walking:before",69222.5,"LVL-0001","scene","visible",87,13,2,1,"ready",true,5,true,0,1,163,143,0,0
"native-visibility/lifecycle","resume-30:walking:after",73225.5,"LVL-0001","scene","visible",91,13,2,1,"ready",true,5,true,0,1,163,143,0,0
"native-visibility/lifecycle","before-menu",73329.8,"LVL-0001","scene","visible",91,13,2,1,"ready",true,5,true,0,1,163,143,0,0
"native-visibility/lifecycle","AtlasAmbientSystem.releaseLevel:after",73330.2,"LVL-0001","scene","visible",91,13,2,1,"ready",true,4,true,0,1,163,143,0,0
"native-visibility/lifecycle","AtlasChallengeFx.dispose:after",73330.4,"LVL-0001","scene","visible",91,13,2,1,"ready",true,4,true,0,1,163,143,0,0
"native-visibility/lifecycle","AtlasChallengeFx.suspend:after",73330.5,"LVL-0001","scene","visible",91,13,2,1,"ready",true,4,true,0,1,163,143,0,0
"native-visibility/lifecycle","AtlasSceneEffects.dispose:after",73330.8,"LVL-0001","scene","visible",91,13,2,1,"ready",true,3,false,0,1,163,143,0,0
"native-visibility/lifecycle","AtlasVoxelRenderer.dispose:after",73331.1,"LVL-0001","scene","visible",91,13,2,1,"ready",true,3,false,0,1,163,143,0,0
"native-visibility/lifecycle","cinematic.releaseLevel:after",73331.4,"LVL-0001","scene","visible",2,3,0,1,"ready",false,2,false,0,1,163,143,0,0
"native-visibility/lifecycle","AtlasCinematicRenderer.dispose:after",73331.6,"LVL-0001","scene","visible",0,0,0,0,"idle",false,2,false,0,1,163,143,0,0
"native-visibility/lifecycle","AtlasThreeRenderer.dispose:after",73332.1,"LVL-0001","scene","visible",0,0,0,0,"idle",false,2,false,0,1,163,143,0,0
"native-visibility/lifecycle","AtlasEmissiveGlow.dispose:after",73332.3,"LVL-0001","scene","visible",0,0,0,0,"idle",false,2,false,0,1,163,143,0,0
"native-visibility/lifecycle","AtlasAssetReadiness.releaseActive:after",73332.7,"LVL-0001","scene","visible",0,0,0,0,"idle",false,2,false,0,0,0,143,0,0
"native-visibility/lifecycle","AtlasChallengeFx.dispose:after",73332.9,"","menu","visible",0,0,0,0,"idle",false,2,false,0,0,0,143,0,0
"native-visibility/lifecycle","AtlasChallengeFx.suspend:after",73334.4,"","menu","visible",0,0,0,0,"idle",false,1,false,0,0,0,143,0,0
"native-visibility/lifecycle","cinematic.releaseLevel:after",73334.7,"","menu","visible",0,0,0,0,"idle",false,1,false,2,0,0,143,0,0
"native-visibility/lifecycle","after-menu-teardown",73335.1,"","menu","visible",0,0,0,0,"inactive",false,1,false,3,0,0,143,0,0
"native-visibility/lifecycle","before-leave",73341,"","menu","visible",0,0,0,0,"inactive",false,1,false,0,0,0,143,0,0
"native-visibility/lifecycle","AtlasChallengeFx.dispose:after",73341.4,"","loading","visible",0,0,0,0,"inactive",false,1,false,0,0,0,143,0,0
"native-visibility/lifecycle","AtlasChallengeFx.suspend:after",73341.7,"","loading","visible",0,0,0,0,"inactive",false,1,false,0,0,0,143,0,0
"native-visibility/lifecycle","AtlasChallengeFx.dispose:after",73342,"","loading","visible",0,0,0,0,"inactive",false,1,false,0,0,0,143,0,0
"native-visibility/lifecycle","AtlasChallengeFx.suspend:after",73342.3,"","loading","visible",0,0,0,0,"inactive",false,1,false,0,0,0,143,0,0
"native-visibility/lifecycle","AtlasSceneEffects.dispose:after",73342.5,"","loading","visible",0,0,0,0,"inactive",false,1,false,0,0,0,143,0,0
"native-visibility/lifecycle","AtlasAmbientSystem.prepareLevel:resolved",73830.5,"","loading","visible",0,0,0,0,"inactive",false,1,false,0,1,78,267,0,0
"native-visibility/lifecycle","AtlasAssetReadiness.activate:after",73830.8,"","loading","visible",0,0,0,0,"inactive",false,1,false,0,1,78,267,0,0
"native-visibility/lifecycle","AtlasChallengeFx.suspend:after",73830.9,"","loading","visible",0,0,0,0,"inactive",false,1,false,0,1,78,267,0,0
"native-visibility/lifecycle","AtlasChallengeFx.suspend:after",73831,"","loading","visible",0,0,0,0,"inactive",false,1,false,0,1,78,267,0,0
"native-visibility/lifecycle","AtlasSceneEffects.prepareLevel:after",73831.1,"","loading","visible",0,0,0,0,"inactive",false,1,false,0,1,78,267,0,0
"native-visibility/lifecycle","cinematic.releaseLevel:after",73836.1,"LVL-0034","scene","visible",0,0,0,0,"inactive",false,1,true,2,3,78,267,0,0
"native-visibility/lifecycle","after-select-before-feature-selection",73836.9,"LVL-0034","scene","visible",0,0,0,0,"compiling-pipelines",false,1,true,1,3,78,267,0,0
"native-visibility/lifecycle","cinematic.releaseLevel:after",73841.4,"LVL-0034","scene","visible",0,0,0,0,"compiling-pipelines",false,1,true,3,3,78,267,0,0
"native-visibility/lifecycle","after-select-initialization",73842.4,"LVL-0034","scene","visible",0,0,0,0,"requesting-device",false,1,true,4,3,78,267,0,0
"native-visibility/lifecycle","cinematic.releaseLevel:after",73865.9,"LVL-0034","scene","visible",1,3,0,0,"compiling-pipelines",false,2,true,1,3,78,267,0,0
"native-visibility/lifecycle","after-steady-initialization",75142.4,"LVL-0034","scene","visible",5,6,1,1,"ready",true,2,true,0,3,78,267,0,0
"native-visibility/lifecycle","menu-riven:stationary:before",75147.8,"LVL-0034","scene","visible",5,6,1,1,"ready",true,2,true,0,3,78,267,0,0
"native-visibility/lifecycle","menu-riven:stationary:after",79152.6,"LVL-0034","scene","visible",15,6,1,1,"ready",true,2,true,0,2,78,267,0,0
"native-visibility/lifecycle","menu-riven:walking:before",79893.7,"LVL-0034","scene","visible",40,6,1,1,"ready",true,4,true,0,1,78,267,0,0
"native-visibility/lifecycle","menu-riven:walking:after",83902.7,"LVL-0034","scene","visible",47,6,1,1,"ready",true,5,true,0,0,78,267,1,0
"native-visibility/lifecycle","AtlasAmbientSystem.releaseLevel:after",84130.9,"LVL-0034","scene","visible",47,6,1,1,"ready",true,3,true,0,0,78,267,0,0
"native-visibility/lifecycle","AtlasChallengeFx.dispose:after",84131.4,"LVL-0034","scene","visible",47,6,1,1,"ready",true,3,true,0,0,78,267,0,0
"native-visibility/lifecycle","AtlasChallengeFx.suspend:after",84131.5,"LVL-0034","scene","visible",47,6,1,1,"ready",true,3,true,0,0,78,267,0,0
"native-visibility/lifecycle","AtlasSceneEffects.dispose:after",84131.6,"LVL-0034","scene","visible",47,6,1,1,"ready",true,2,false,0,0,78,267,0,0
"native-visibility/lifecycle","AtlasVoxelRenderer.dispose:after",84131.8,"LVL-0034","scene","visible",47,6,1,1,"ready",true,2,false,0,0,78,267,0,0
"native-visibility/lifecycle","cinematic.releaseLevel:after",84132.2,"LVL-0034","scene","visible",2,3,0,1,"ready",false,1,false,0,0,78,267,0,0
"native-visibility/lifecycle","AtlasCinematicRenderer.dispose:after",84132.5,"LVL-0034","scene","visible",0,0,0,0,"idle",false,1,false,0,0,78,267,0,0
"native-visibility/lifecycle","AtlasThreeRenderer.dispose:after",84132.6,"LVL-0034","scene","visible",0,0,0,0,"idle",false,1,false,0,0,78,267,0,0
"native-visibility/lifecycle","AtlasEmissiveGlow.dispose:after",84132.7,"LVL-0034","scene","visible",0,0,0,0,"idle",false,1,false,0,0,78,267,0,0
"native-visibility/lifecycle","AtlasAssetReadiness.releaseActive:after",84132.7,"LVL-0034","scene","visible",0,0,0,0,"idle",false,1,false,0,0,0,267,0,0
"native-visibility/lifecycle","AtlasChallengeFx.dispose:after",84132.9,"","menu","visible",0,0,0,0,"idle",false,1,false,0,0,0,267,0,0
"native-visibility/lifecycle","AtlasChallengeFx.suspend:after",84134.3,"","menu","visible",0,0,0,0,"idle",false,1,false,0,0,0,267,0,0
"native-visibility/lifecycle","cinematic.releaseLevel:after",84134.6,"","menu","visible",0,0,0,0,"idle",false,1,false,2,0,0,267,0,0
"native-visibility/lifecycle","before-leave",84137.7,"","menu","visible",0,0,0,0,"inactive",false,1,false,0,0,0,267,0,0
"native-visibility/lifecycle","AtlasChallengeFx.dispose:after",84137.9,"","loading","visible",0,0,0,0,"inactive",false,1,false,0,0,0,267,0,0
"native-visibility/lifecycle","AtlasChallengeFx.suspend:after",84138.2,"","loading","visible",0,0,0,0,"inactive",false,1,false,0,0,0,267,0,0
"native-visibility/lifecycle","AtlasChallengeFx.dispose:after",84138.4,"","loading","visible",0,0,0,0,"inactive",false,1,false,0,0,0,267,0,0
"native-visibility/lifecycle","AtlasChallengeFx.suspend:after",84138.6,"","loading","visible",0,0,0,0,"inactive",false,1,false,0,0,0,267,0,0
"native-visibility/lifecycle","AtlasSceneEffects.dispose:after",84138.6,"","loading","visible",0,0,0,0,"inactive",false,1,false,0,0,0,267,0,0
"native-visibility/lifecycle","AtlasAmbientSystem.prepareLevel:resolved",84596,"","loading","visible",0,0,0,0,"inactive",false,0,false,0,1,163,267,0,0
"native-visibility/lifecycle","AtlasAssetReadiness.activate:after",84596.3,"","loading","visible",0,0,0,0,"inactive",false,0,false,0,1,163,267,0,0
"native-visibility/lifecycle","AtlasChallengeFx.suspend:after",84596.4,"","loading","visible",0,0,0,0,"inactive",false,0,false,0,1,163,267,0,0
"native-visibility/lifecycle","AtlasChallengeFx.suspend:after",84596.5,"","loading","visible",0,0,0,0,"inactive",false,0,false,0,1,163,267,0,0
"native-visibility/lifecycle","AtlasSceneEffects.prepareLevel:after",84596.6,"","loading","visible",0,0,0,0,"inactive",false,0,false,0,1,163,267,0,0
"native-visibility/lifecycle","cinematic.releaseLevel:after",84603.6,"LVL-0001","scene","visible",0,0,0,0,"inactive",false,2,true,2,2,163,267,0,0
"native-visibility/lifecycle","after-select-before-feature-selection",84612.9,"LVL-0001","scene","visible",0,0,0,0,"compiling-pipelines",false,2,true,1,2,163,267,0,0
"native-visibility/lifecycle","cinematic.releaseLevel:after",84618.7,"LVL-0001","scene","visible",0,0,0,0,"compiling-pipelines",false,2,true,3,2,163,267,0,0
"native-visibility/lifecycle","after-select-initialization",84619.9,"LVL-0001","scene","visible",0,0,0,0,"requesting-device",false,2,true,4,2,163,267,0,0
"native-visibility/lifecycle","cinematic.releaseLevel:after",84682.4,"LVL-0001","scene","visible",1,3,0,0,"compiling-pipelines",false,3,true,1,2,163,267,0,0
"native-visibility/lifecycle","after-steady-initialization",86065.5,"LVL-0001","scene","visible",10,12,2,1,"ready",true,3,true,0,2,163,267,0,0
"native-visibility/lifecycle","menu-rune:stationary:before",86071.1,"LVL-0001","scene","visible",10,12,2,1,"ready",true,3,true,0,2,163,267,0,0
"native-visibility/lifecycle","menu-rune:stationary:after",90079.6,"LVL-0001","scene","visible",23,12,2,1,"ready",true,3,true,0,2,163,267,0,0
"native-visibility/lifecycle","menu-rune:walking:before",90829.8,"LVL-0001","scene","visible",48,12,2,1,"ready",true,5,true,0,1,163,267,0,0
"native-visibility/lifecycle","menu-rune:walking:after",94833.6,"LVL-0001","scene","visible",55,13,2,1,"ready",true,5,true,0,1,163,267,0,0
"native-visibility/lifecycle","diagnostics-installed",20.3,"","","visible",0,0,0,0,"","",0,"",0,0,"","","",""
"native-visibility/lifecycle","pageshow:event",45.9,"","","visible",0,0,0,0,"","",0,"",0,1,"","","",""
"native-visibility/lifecycle","pageshow:settled",46,"","","visible",0,0,0,0,"","",0,"",0,1,"","","",""
"native-visibility/lifecycle","AtlasChallengeFx.dispose:after",5675.2,"","menu","visible",0,0,0,0,"idle",false,1,false,0,0,0,0,0,0
"native-visibility/lifecycle","AtlasChallengeFx.suspend:after",5676.6,"","menu","visible",0,0,0,0,"idle",false,1,false,0,0,0,0,0,0
"native-visibility/lifecycle","cinematic.releaseLevel:after",5676.8,"","menu","visible",0,0,0,0,"idle",false,1,false,2,0,0,0,0,0
"native-visibility/lifecycle","cinematic.releaseLevel:after",5677,"","menu","visible",0,0,0,0,"idle",false,1,false,2,0,0,0,0,0
"native-visibility/lifecycle","before-leave",5681.2,"","menu","visible",0,0,0,0,"inactive",false,0,false,0,0,0,0,0,0
"native-visibility/lifecycle","AtlasChallengeFx.dispose:after",5681.5,"","loading","visible",0,0,0,0,"inactive",false,0,false,0,0,0,0,0,0
"native-visibility/lifecycle","AtlasChallengeFx.suspend:after",5681.8,"","loading","visible",0,0,0,0,"inactive",false,0,false,0,0,0,0,0,0
"native-visibility/lifecycle","AtlasChallengeFx.dispose:after",5682.9,"","loading","visible",0,0,0,0,"inactive",false,0,false,0,1,0,0,0,0
"native-visibility/lifecycle","AtlasChallengeFx.suspend:after",5683,"","loading","visible",0,0,0,0,"inactive",false,0,false,0,1,0,0,0,0
"native-visibility/lifecycle","AtlasSceneEffects.dispose:after",5683.2,"","loading","visible",0,0,0,0,"inactive",false,0,false,0,1,0,0,0,0
"native-visibility/lifecycle","AtlasAmbientSystem.prepareLevel:resolved",6332.9,"","loading","visible",0,0,0,0,"inactive",false,0,false,0,2,163,143,0,0
"native-visibility/lifecycle","AtlasAssetReadiness.activate:after",6333.2,"","loading","visible",0,0,0,0,"inactive",false,0,false,0,2,163,143,0,0
"native-visibility/lifecycle","AtlasChallengeFx.suspend:after",6333.5,"","loading","visible",0,0,0,0,"inactive",false,0,false,0,2,163,143,0,0
"native-visibility/lifecycle","AtlasChallengeFx.suspend:after",6333.7,"","loading","visible",0,0,0,0,"inactive",false,0,false,0,2,163,143,0,0
"native-visibility/lifecycle","AtlasSceneEffects.prepareLevel:after",6333.9,"","loading","visible",0,0,0,0,"inactive",false,0,false,0,2,163,143,0,0
"native-visibility/lifecycle","cinematic.releaseLevel:after",6342.3,"LVL-0001","scene","visible",0,0,0,0,"inactive",false,2,true,2,3,163,143,0,0
"native-visibility/lifecycle","after-select-before-feature-selection",6357.5,"LVL-0001","scene","visible",0,0,0,0,"requesting-device",false,2,true,1,4,163,143,0,0
"native-visibility/lifecycle","cinematic.releaseLevel:after",6365.7,"LVL-0001","scene","visible",0,0,0,0,"requesting-device",false,2,true,3,4,163,143,0,0
"native-visibility/lifecycle","after-select-initialization",6366.7,"LVL-0001","scene","visible",0,0,0,0,"requesting-device",false,2,true,4,4,163,143,0,0
"native-visibility/lifecycle","cinematic.releaseLevel:after",6842.8,"LVL-0001","scene","visible",1,3,0,0,"compiling-pipelines",false,3,true,1,3,163,143,0,0
"native-visibility/lifecycle","after-steady-initialization",8157.1,"LVL-0001","scene","visible",10,12,2,1,"ready",true,3,true,0,2,163,143,0,0
"native-visibility/lifecycle","reload:stationary:before",8164.1,"LVL-0001","scene","visible",10,12,2,1,"ready",true,3,true,0,2,163,143,0,0
"native-visibility/lifecycle","reload:stationary:after",12179.4,"LVL-0001","scene","visible",23,12,2,1,"ready",true,3,true,0,2,163,143,0,0
"native-visibility/lifecycle","reload:walking:before",12937.9,"LVL-0001","scene","visible",47,12,2,1,"ready",true,5,true,0,1,163,143,0,0
"native-visibility/lifecycle","reload:walking:after",16939.1,"LVL-0001","scene","visible",55,13,2,1,"ready",true,5,true,0,1,163,143,0,0
"native-visibility/lifecycle","diagnostics-installed",8.3,"","","visible",0,0,0,0,"","",0,"",0,0,"","","",""
"native-visibility/lifecycle","pageshow:event",16.9,"","","visible",0,0,0,0,"","",0,"",0,1,"","","",""
"native-visibility/lifecycle","pageshow:settled",26.7,"","","visible",0,0,0,0,"","",0,"",0,1,"","","",""
"native-visibility/lifecycle","AtlasChallengeFx.dispose:after",5682.8,"","menu","visible",0,0,0,0,"idle",false,1,false,0,0,0,0,0,0
"native-visibility/lifecycle","AtlasChallengeFx.suspend:after",5688.2,"","menu","visible",0,0,0,0,"idle",false,1,false,0,0,0,0,0,0
"native-visibility/lifecycle","cinematic.releaseLevel:after",5689.2,"","menu","visible",0,0,0,0,"idle",false,1,false,2,0,0,0,0,0
"native-visibility/lifecycle","cinematic.releaseLevel:after",5689.6,"","menu","visible",0,0,0,0,"idle",false,1,false,2,0,0,0,0,0
"native-visibility/lifecycle","before-leave",5725,"","menu","visible",0,0,0,0,"inactive",false,0,false,0,0,0,0,0,0
"native-visibility/lifecycle","AtlasChallengeFx.dispose:after",5727,"","loading","visible",0,0,0,0,"inactive",false,0,false,0,0,0,0,0,0
"native-visibility/lifecycle","AtlasChallengeFx.suspend:after",5727.6,"","loading","visible",0,0,0,0,"inactive",false,0,false,0,0,0,0,0,0
"native-visibility/lifecycle","AtlasChallengeFx.dispose:after",5738.6,"","loading","visible",0,0,0,0,"inactive",false,0,false,0,1,0,0,0,0
"native-visibility/lifecycle","AtlasChallengeFx.suspend:after",5738.8,"","loading","visible",0,0,0,0,"inactive",false,0,false,0,1,0,0,0,0
"native-visibility/lifecycle","AtlasSceneEffects.dispose:after",5738.9,"","loading","visible",0,0,0,0,"inactive",false,0,false,0,1,0,0,0,0
"native-visibility/lifecycle","AtlasAmbientSystem.prepareLevel:resolved",6435.8,"","loading","visible",0,0,0,0,"inactive",false,0,false,0,2,163,143,0,0
"native-visibility/lifecycle","AtlasAssetReadiness.activate:after",6436.2,"","loading","visible",0,0,0,0,"inactive",false,0,false,0,2,163,143,0,0
"native-visibility/lifecycle","AtlasChallengeFx.suspend:after",6436.3,"","loading","visible",0,0,0,0,"inactive",false,0,false,0,2,163,143,0,0
"native-visibility/lifecycle","AtlasChallengeFx.suspend:after",6436.9,"","loading","visible",0,0,0,0,"inactive",false,0,false,0,2,163,143,0,0
"native-visibility/lifecycle","AtlasSceneEffects.prepareLevel:after",6436.9,"","loading","visible",0,0,0,0,"inactive",false,0,false,0,2,163,143,0,0
"native-visibility/lifecycle","cinematic.releaseLevel:after",6458.2,"LVL-0001","scene","visible",0,0,0,0,"inactive",false,2,true,2,3,163,143,0,0
"native-visibility/lifecycle","after-select-before-feature-selection",6468,"LVL-0001","scene","visible",0,0,0,0,"requesting-device",false,2,true,1,4,163,143,0,0
"native-visibility/lifecycle","cinematic.releaseLevel:after",6475.5,"LVL-0001","scene","visible",0,0,0,0,"requesting-device",false,2,true,3,4,163,143,0,0
"native-visibility/lifecycle","after-select-initialization",6476.6,"LVL-0001","scene","visible",0,0,0,0,"requesting-device",false,2,true,4,4,163,143,0,0
"native-visibility/lifecycle","cinematic.releaseLevel:after",6922.7,"LVL-0001","scene","visible",1,3,0,0,"compiling-pipelines",false,3,true,1,3,163,143,0,0
"native-visibility/lifecycle","after-steady-initialization",8270.3,"LVL-0001","scene","visible",15,12,2,1,"ready",true,4,true,0,1,163,143,0,0
"native-visibility/lifecycle","tab-reopen-same-browser:stationary:before",8276.5,"LVL-0001","scene","visible",15,12,2,1,"ready",true,4,true,0,1,163,143,0,0
"native-visibility/lifecycle","tab-reopen-same-browser:stationary:after",12290.3,"LVL-0001","scene","visible",23,12,2,1,"ready",true,3,true,0,2,163,143,0,0
"native-visibility/lifecycle","tab-reopen-same-browser:walking:before",13040,"LVL-0001","scene","visible",48,12,2,1,"ready",true,5,true,0,1,163,143,0,0
"native-visibility/lifecycle","tab-reopen-same-browser:walking:after",17043.3,"LVL-0001","scene","visible",55,13,2,1,"ready",true,5,true,0,1,163,143,0,0
"native-visibility/lifecycle","before-final-menu",17178.3,"LVL-0001","scene","visible",55,13,2,1,"ready",true,5,true,0,1,163,143,0,0
"native-visibility/lifecycle","AtlasAmbientSystem.releaseLevel:after",17178.8,"LVL-0001","scene","visible",55,13,2,1,"ready",true,4,true,0,1,163,143,0,0
"native-visibility/lifecycle","AtlasChallengeFx.dispose:after",17179,"LVL-0001","scene","visible",55,13,2,1,"ready",true,4,true,0,1,163,143,0,0
"native-visibility/lifecycle","AtlasChallengeFx.suspend:after",17179.2,"LVL-0001","scene","visible",55,13,2,1,"ready",true,4,true,0,1,163,143,0,0
"native-visibility/lifecycle","AtlasSceneEffects.dispose:after",17179.4,"LVL-0001","scene","visible",55,13,2,1,"ready",true,3,false,0,1,163,143,0,0
"native-visibility/lifecycle","AtlasVoxelRenderer.dispose:after",17179.7,"LVL-0001","scene","visible",55,13,2,1,"ready",true,3,false,0,1,163,143,0,0
"native-visibility/lifecycle","cinematic.releaseLevel:after",17180,"LVL-0001","scene","visible",2,3,0,1,"ready",false,2,false,0,1,163,143,0,0
"native-visibility/lifecycle","AtlasCinematicRenderer.dispose:after",17180.2,"LVL-0001","scene","visible",0,0,0,0,"idle",false,2,false,0,1,163,143,0,0
"native-visibility/lifecycle","AtlasThreeRenderer.dispose:after",17181,"LVL-0001","scene","visible",0,0,0,0,"idle",false,2,false,0,1,163,143,0,0
"native-visibility/lifecycle","AtlasEmissiveGlow.dispose:after",17181.2,"LVL-0001","scene","visible",0,0,0,0,"idle",false,2,false,0,1,163,143,0,0
"native-visibility/lifecycle","AtlasAssetReadiness.releaseActive:after",17181.5,"LVL-0001","scene","visible",0,0,0,0,"idle",false,2,false,0,0,0,143,0,0
"native-visibility/lifecycle","AtlasChallengeFx.dispose:after",17181.7,"","menu","visible",0,0,0,0,"idle",false,2,false,0,0,0,143,0,0
"native-visibility/lifecycle","AtlasChallengeFx.suspend:after",17183.1,"","menu","visible",0,0,0,0,"idle",false,1,false,0,0,0,143,0,0
"native-visibility/lifecycle","cinematic.releaseLevel:after",17183.4,"","menu","visible",0,0,0,0,"idle",false,1,false,2,0,0,143,0,0
"native-visibility/lifecycle","final-menu",17183.7,"","menu","visible",0,0,0,0,"inactive",false,1,false,3,0,0,143,0,0
"native-visibility/lifecycle","menu-settled",19699.4,"","menu","visible",0,0,0,0,"inactive",false,0,false,0,1,0,143,0,0
"native-visibility/lifecycle","menu-quiet-before",19703.6,"","menu","visible",0,0,0,0,"inactive",false,0,false,0,1,0,143,0,0
"native-visibility/lifecycle","menu-quiet-after",27715.8,"","menu","visible",0,0,0,0,"inactive",false,0,false,0,1,0,143,0,0
"native-browser/lifecycle","diagnostics-installed",16,"","","visible",0,0,0,0,"","",0,"",0,0,"","","",""
"native-browser/lifecycle","pageshow:event",29.1,"","","visible",0,0,0,0,"","",0,"",0,1,"","","",""
"native-browser/lifecycle","pageshow:settled",32.3,"","","visible",0,0,0,0,"","",0,"",0,1,"","","",""
"native-browser/lifecycle","AtlasChallengeFx.dispose:after",7191.2,"","menu","visible",0,0,0,0,"idle",false,1,false,0,0,0,0,0,0
"native-browser/lifecycle","AtlasChallengeFx.suspend:after",7197.1,"","menu","visible",0,0,0,0,"idle",false,1,false,0,0,0,0,0,0
"native-browser/lifecycle","cinematic.releaseLevel:after",7198.1,"","menu","visible",0,0,0,0,"idle",false,1,false,2,0,0,0,0,0
"native-browser/lifecycle","cinematic.releaseLevel:after",7198.5,"","menu","visible",0,0,0,0,"idle",false,1,false,2,0,0,0,0,0
"native-browser/lifecycle","before-leave",8060.5,"","menu","visible",0,0,0,0,"inactive",false,0,false,0,0,0,0,0,0
"native-browser/lifecycle","AtlasChallengeFx.dispose:after",8061.5,"","loading","visible",0,0,0,0,"inactive",false,0,false,0,0,0,0,0,0
"native-browser/lifecycle","AtlasChallengeFx.suspend:after",8062.3,"","loading","visible",0,0,0,0,"inactive",false,0,false,0,0,0,0,0,0
"native-browser/lifecycle","AtlasChallengeFx.dispose:after",8063.4,"","loading","visible",0,0,0,0,"inactive",false,0,false,0,1,0,0,0,0
"native-browser/lifecycle","AtlasChallengeFx.suspend:after",8063.6,"","loading","visible",0,0,0,0,"inactive",false,0,false,0,1,0,0,0,0
"native-browser/lifecycle","AtlasSceneEffects.dispose:after",8063.7,"","loading","visible",0,0,0,0,"inactive",false,0,false,0,1,0,0,0,0
"native-browser/lifecycle","AtlasAmbientSystem.prepareLevel:resolved",8808,"","loading","visible",0,0,0,0,"inactive",false,0,false,0,2,163,143,0,0
"native-browser/lifecycle","AtlasAssetReadiness.activate:after",8808.2,"","loading","visible",0,0,0,0,"inactive",false,0,false,0,2,163,143,0,0
"native-browser/lifecycle","AtlasChallengeFx.suspend:after",8808.3,"","loading","visible",0,0,0,0,"inactive",false,0,false,0,2,163,143,0,0
"native-browser/lifecycle","AtlasChallengeFx.suspend:after",8808.8,"","loading","visible",0,0,0,0,"inactive",false,0,false,0,2,163,143,0,0
"native-browser/lifecycle","AtlasSceneEffects.prepareLevel:after",8809,"","loading","visible",0,0,0,0,"inactive",false,0,false,0,2,163,143,0,0
"native-browser/lifecycle","cinematic.releaseLevel:after",8831.1,"LVL-0001","scene","visible",0,0,0,0,"inactive",false,2,true,2,3,163,143,0,0
"native-browser/lifecycle","after-select-before-feature-selection",9101.3,"LVL-0001","scene","visible",0,0,0,0,"requesting-device",false,2,true,1,4,163,143,0,0
"native-browser/lifecycle","cinematic.releaseLevel:after",9111.6,"LVL-0001","scene","visible",0,0,0,0,"requesting-device",false,2,true,3,4,163,143,0,0
"native-browser/lifecycle","after-select-initialization",9112.6,"LVL-0001","scene","visible",0,0,0,0,"requesting-device",false,2,true,4,4,163,143,0,0
"native-browser/lifecycle","cinematic.releaseLevel:after",10394.1,"LVL-0001","scene","visible",1,3,0,0,"compiling-pipelines",false,4,true,1,2,163,143,0,0
"native-browser/lifecycle","after-steady-initialization",12132.1,"LVL-0001","scene","visible",13,12,2,1,"ready",true,3,true,0,2,163,143,0,0
"native-browser/lifecycle","cold:stationary:before",12141.4,"LVL-0001","scene","visible",13,12,2,1,"ready",true,3,true,0,2,163,143,0,0
"native-browser/lifecycle","cold:stationary:after",16147.1,"LVL-0001","scene","visible",18,12,2,1,"ready",true,4,true,0,1,163,143,0,0
"native-browser/lifecycle","cold:walking:before",16877.7,"LVL-0001","scene","visible",26,12,2,1,"ready",true,5,true,0,1,163,143,0,0
"native-browser/lifecycle","cold:walking:after",20885.1,"LVL-0001","scene","visible",38,13,2,1,"ready",true,5,true,0,1,163,143,0,0
